{
	"start":	{
		"connected":	[{
				"socket":	5,
				"local_host":	"127.0.0.1",
				"local_port":	46242,
				"remote_host":	"127.0.0.1",
				"remote_port":	5201
			}],
		"version":	"iperf 3.9",
		"system_info":	"Linux optiplex 5.4.0-74-generic #83~18.04.1-Ubuntu SMP Tue May 11 16:01:00 UTC 2021 x86_64",
		"timestamp":	{
			"time":	"Sun, 13 Jun 2021 05:47:32 GMT",
			"timesecs":	1623563252
		},
		"connecting_to":	{
			"host":	"localhost",
			"port":	5201
		},
		"cookie":	"zqfsel2y3kvnn47csbjhpkzif5fkmn4fqcmi",
		"tcp_mss_default":	32768,
		"sock_bufsize":	0,
		"sndbuf_actual":	16384,
		"rcvbuf_actual":	131072,
		"test_start":	{
			"protocol":	"TCP",
			"num_streams":	1,
			"blksize":	16384,
			"omit":	0,
			"duration":	10,
			"bytes":	0,
			"blocks":	0,
			"reverse":	0,
			"tos":	0
		}
	},
	"intervals":	[{
			"streams":	[{
					"socket":	5,
					"start":	0,
					"end":	1.000012,
					"seconds":	1.0000120401382446,
					"bytes":	5774704640,
					"bits_per_second":	46197080900.759453,
					"retransmits":	0,
					"snd_cwnd":	654830,
					"rtt":	15,
					"rttvar":	0,
					"pmtu":	65535,
					"omitted":	false,
					"sender":	true
				}],
			"sum":	{
				"start":	0,
				"end":	1.000012,
				"seconds":	1.0000120401382446,
				"bytes":	5774704640,
				"bits_per_second":	46197080900.759453,
				"retransmits":	0,
				"omitted":	false,
				"sender":	true
			}
		}, {
			"streams":	[{
					"socket":	5,
					"start":	1.000012,
					"end":	2.000069,
					"seconds":	1.0000569820404053,
					"bytes":	5396889600,
					"bits_per_second":	43172656733.929581,
					"retransmits":	0,
					"snd_cwnd":	1440626,
					"rtt":	18,
					"rttvar":	15,
					"pmtu":	65535,
					"omitted":	false,
					"sender":	true
				}],
			"sum":	{
				"start":	1.000012,
				"end":	2.000069,
				"seconds":	1.0000569820404053,
				"bytes":	5396889600,
				"bits_per_second":	43172656733.929581,
				"retransmits":	0,
				"omitted":	false,
				"sender":	true
			}
		}, {
			"streams":	[{
					"socket":	5,
					"start":	2.000069,
					"end":	3.000003,
					"seconds":	0.99993401765823364,
					"bytes":	4509040640,
					"bits_per_second":	36074705413.541718,
					"retransmits":	0,
					"snd_cwnd":	1440626,
					"rtt":	13,
					"rttvar":	6,
					"pmtu":	65535,
					"omitted":	false,
					"sender":	true
				}],
			"sum":	{
				"start":	2.000069,
				"end":	3.000003,
				"seconds":	0.99993401765823364,
				"bytes":	4509040640,
				"bits_per_second":	36074705413.541718,
				"retransmits":	0,
				"omitted":	false,
				"sender":	true
			}
		}, {
			"streams":	[{
					"socket":	5,
					"start":	3.000003,
					"end":	4.000007,
					"seconds":	1.0000040531158447,
					"bytes":	4531159040,
					"bits_per_second":	36249125398.0955,
					"retransmits":	0,
					"snd_cwnd":	1440626,
					"rtt":	29,
					"rttvar":	28,
					"pmtu":	65535,
					"omitted":	false,
					"sender":	true
				}],
			"sum":	{
				"start":	3.000003,
				"end":	4.000007,
				"seconds":	1.0000040531158447,
				"bytes":	4531159040,
				"bits_per_second":	36249125398.0955,
				"retransmits":	0,
				"omitted":	false,
				"sender":	true
			}
		}, {
			"streams":	[{
					"socket":	5,
					"start":	4.000007,
					"end":	5.000057,
					"seconds":	1.0000499486923218,
					"bytes":	4488232960,
					"bits_per_second":	35904070318.638557,
					"retransmits":	0,
					"snd_cwnd":	1440626,
					"rtt":	14,
					"rttvar":	9,
					"pmtu":	65535,
					"omitted":	false,
					"sender":	true
				}],
			"sum":	{
				"start":	4.000007,
				"end":	5.000057,
				"seconds":	1.0000499486923218,
				"bytes":	4488232960,
				"bits_per_second":	35904070318.638557,
				"retransmits":	0,
				"omitted":	false,
				"sender":	true
			}
		}, {
			"streams":	[{
					"socket":	5,
					"start":	5.000057,
					"end":	6.000034,
					"seconds":	0.9999769926071167,
					"bytes":	4518379520,
					"bits_per_second":	36147867828.197014,
					"retransmits":	0,
					"snd_cwnd":	1440626,
					"rtt":	16,
					"rttvar":	10,
					"pmtu":	65535,
					"omitted":	false,
					"sender":	true
				}],
			"sum":	{
				"start":	5.000057,
				"end":	6.000034,
				"seconds":	0.9999769926071167,
				"bytes":	4518379520,
				"bits_per_second":	36147867828.197014,
				"retransmits":	0,
				"omitted":	false,
				"sender":	true
			}
		}, {
			"streams":	[{
					"socket":	5,
					"start":	6.000034,
					"end":	7.000017,
					"seconds":	0.999983012676239,
					"bytes":	4536729600,
					"bits_per_second":	36294453345.6297,
					"retransmits":	0,
					"snd_cwnd":	1440626,
					"rtt":	18,
					"rttvar":	15,
					"pmtu":	65535,
					"omitted":	false,
					"sender":	true
				}],
			"sum":	{
				"start":	6.000034,
				"end":	7.000017,
				"seconds":	0.999983012676239,
				"bytes":	4536729600,
				"bits_per_second":	36294453345.6297,
				"retransmits":	0,
				"omitted":	false,
				"sender":	true
			}
		}, {
			"streams":	[{
					"socket":	5,
					"start":	7.000017,
					"end":	8.00004,
					"seconds":	1.0000230073928833,
					"bytes":	4499701760,
					"bits_per_second":	35996785887.804543,
					"retransmits":	0,
					"snd_cwnd":	1440626,
					"rtt":	16,
					"rttvar":	10,
					"pmtu":	65535,
					"omitted":	false,
					"sender":	true
				}],
			"sum":	{
				"start":	7.000017,
				"end":	8.00004,
				"seconds":	1.0000230073928833,
				"bytes":	4499701760,
				"bits_per_second":	35996785887.804543,
				"retransmits":	0,
				"omitted":	false,
				"sender":	true
			}
		}, {
			"streams":	[{
					"socket":	5,
					"start":	8.00004,
					"end":	9.000019,
					"seconds":	0.999979019165039,
					"bytes":	4517560320,
					"bits_per_second":	36141240833.4092,
					"retransmits":	0,
					"snd_cwnd":	1440626,
					"rtt":	16,
					"rttvar":	10,
					"pmtu":	65535,
					"omitted":	false,
					"sender":	true
				}],
			"sum":	{
				"start":	8.00004,
				"end":	9.000019,
				"seconds":	0.999979019165039,
				"bytes":	4517560320,
				"bits_per_second":	36141240833.4092,
				"retransmits":	0,
				"omitted":	false,
				"sender":	true
			}
		}, {
			"streams":	[{
					"socket":	5,
					"start":	9.000019,
					"end":	10.000016,
					"seconds":	0.99999701976776123,
					"bytes":	4557537280,
					"bits_per_second":	36460406900.480087,
					"retransmits":	0,
					"snd_cwnd":	1440626,
					"rtt":	18,
					"rttvar":	15,
					"pmtu":	65535,
					"omitted":	false,
					"sender":	true
				}],
			"sum":	{
				"start":	9.000019,
				"end":	10.000016,
				"seconds":	0.99999701976776123,
				"bytes":	4557537280,
				"bits_per_second":	36460406900.480087,
				"retransmits":	0,
				"omitted":	false,
				"sender":	true
			}
		}],
	"end":	{
		"streams":	[{
				"sender":	{
					"socket":	5,
					"start":	0,
					"end":	10.000016,
					"seconds":	10.000016,
					"bytes":	47329935360,
					"bits_per_second":	37863887705.779671,
					"retransmits":	0,
					"max_snd_cwnd":	1440626,
					"max_rtt":	29,
					"min_rtt":	13,
					"mean_rtt":	17,
					"sender":	true
				},
				"receiver":	{
					"socket":	5,
					"start":	0,
					"end":	10.00003,
					"seconds":	10.000016,
					"bytes":	47321464832,
					"bits_per_second":	37857058294.425117,
					"sender":	true
				}
			}],
		"sum_sent":	{
			"start":	0,
			"end":	10.000016,
			"seconds":	10.000016,
			"bytes":	47329935360,
			"bits_per_second":	37863887705.779671,
			"retransmits":	0,
			"sender":	true
		},
		"sum_received":	{
			"start":	0,
			"end":	10.00003,
			"seconds":	10.00003,
			"bytes":	47321464832,
			"bits_per_second":	37857058294.425117,
			"sender":	true
		},
		"cpu_utilization_percent":	{
			"host_total":	71.56518153415675,
			"host_user":	10.070294703409786,
			"host_system":	61.494886830746964,
			"remote_total":	99.97452610609237,
			"remote_user":	18.101071173239774,
			"remote_system":	81.8734549328526
		},
		"sender_tcp_congestion":	"cubic",
		"receiver_tcp_congestion":	"cubic"
	},
	"server_output_json":	{
		"start":	{
			"connected":	[{
					"socket":	5,
					"local_host":	"127.0.0.1",
					"local_port":	5201,
					"remote_host":	"127.0.0.1",
					"remote_port":	46242
				}],