{
	"start":	{
		"connected":	[{
				"socket":	5,
				"local_host":	"127.0.0.1",
				"local_port":	46246,
				"remote_host":	"127.0.0.1",
				"remote_port":	5201
			}],
		"version":	"iperf 3.9",
		"system_info":	"Linux optiplex 5.4.0-74-generic #83~18.04.1-Ubuntu SMP Tue May 11 16:01:00 UTC 2021 x86_64",
		"timestamp":	{
			"time":	"Sun, 13 Jun 2021 05:47:42 GMT",
			"timesecs":	1623563262
		},
		"connecting_to":	{
			"host":	"localhost",
			"port":	5201
		},
		"cookie":	"ndygkwbfxlxjudffye6yzphnbnqrqoo3bpga",
		"tcp_mss_default":	32768,
		"sock_bufsize":	0,
		"sndbuf_actual":	16384,
		"rcvbuf_actual":	131072,
		"test_start":	{
			"protocol":	"TCP",
			"num_streams":	1,
			"blksize":	32768,
			"omit":	0,
			"duration":	10,
			"bytes":	0,
			"blocks":	0,
			"reverse":	0,
			"tos":	0
		}
	},
	"intervals":	[{
			"streams":	[{
					"socket":	5,
					"start":	0,
					"end":	1.00001,
					"seconds":	1.0000100135803223,
					"bytes":	5493227520,
					"bits_per_second":	43945380109.406479,
					"retransmits":	0,
					"snd_cwnd":	982245,
					"rtt":	15,
					"rttvar":	0,
					"pmtu":	65535,
					"omitted":	false,
					"sender":	true
				}],
			"sum":	{
				"start":	0,
				"end":	1.00001,
				"seconds":	1.0000100135803223,
				"bytes":	5493227520,
				"bits_per_second":	43945380109.406479,
				"retransmits":	0,
				"omitted":	false,
				"sender":	true
			}
		}, {
			"streams":	[{
					"socket":	5,
					"start":	1.00001,
					"end":	2.000043,
					"seconds":	1.0000330209732056,
					"bytes":	5513871360,
					"bits_per_second":	44109514340.908836,
					"retransmits":	0,
					"snd_cwnd":	982245,
					"rtt":	15,
					"rttvar":	2,
					"pmtu":	65535,
					"omitted":	false,
					"sender":	true
				}],
			"sum":	{
				"start":	1.00001,
				"end":	2.000043,
				"seconds":	1.0000330209732056,
				"bytes":	5513871360,
				"bits_per_second":	44109514340.908836,
				"retransmits":	0,
				"omitted":	false,
				"sender":	true
			}
		}, {
			"streams":	[{
					"socket":	5,
					"start":	2.000043,
					"end":	3.000008,
					"seconds":	0.999965012073517,
					"bytes":	5518458880,
					"bits_per_second":	44149215729.514236,
					"retransmits":	0,
					"snd_cwnd":	982245,
					"rtt":	15,
					"rttvar":	1,
					"pmtu":	65535,
					"omitted":	false,
					"sender":	true
				}],
			"sum":	{
				"start":	2.000043,
				"end":	3.000008,
				"seconds":	0.999965012073517,
				"bytes":	5518458880,
				"bits_per_second":	44149215729.514236,
				"retransmits":	0,
				"omitted":	false,
				"sender":	true
			}
		}, {
			"streams":	[{
					"socket":	5,
					"start":	3.000008,
					"end":	4.000023,
					"seconds":	1.0000150203704834,
					"bytes":	5522391040,
					"bits_per_second":	44178464743.092171,
					"retransmits":	0,
					"snd_cwnd":	982245,
					"rtt":	15,
					"rttvar":	0,
					"pmtu":	65535,
					"omitted":	false,
					"sender":	true
				}],
			"sum":	{
				"start":	3.000008,
				"end":	4.000023,
				"seconds":	1.0000150203704834,
				"bytes":	5522391040,
				"bits_per_second":	44178464743.092171,
				"retransmits":	0,
				"omitted":	false,
				"sender":	true
			}
		}, {
			"streams":	[{
					"socket":	5,
					"start":	4.000023,
					"end":	5.000016,
					"seconds":	0.99999302625656128,
					"bytes":	5513216000,
					"bits_per_second":	44106035584.176262,
					"retransmits":	0,
					"snd_cwnd":	982245,
					"rtt":	14,
					"rttvar":	0,
					"pmtu":	65535,
					"omitted":	false,
					"sender":	true
				}],
			"sum":	{
				"start":	4.000023,
				"end":	5.000016,
				"seconds":	0.99999302625656128,
				"bytes":	5513216000,
				"bits_per_second":	44106035584.176262,
				"retransmits":	0,
				"omitted":	false,
				"sender":	true
			}
		}, {
			"streams":	[{
					"socket":	5,
					"start":	5.000016,
					"end":	6.000006,
					"seconds":	0.99998998641967773,
					"bytes":	5490606080,
					"bits_per_second":	43925288489.404465,
					"retransmits":	0,
					"snd_cwnd":	982245,
					"rtt":	15,
					"rttvar":	1,
					"pmtu":	65535,
					"omitted":	false,
					"sender":	true
				}],
			"sum":	{
				"start":	5.000016,
				"end":	6.000006,
				"seconds":	0.99998998641967773,
				"bytes":	5490606080,
				"bits_per_second":	43925288489.404465,
				"retransmits":	0,
				"omitted":	false,
				"sender":	true
			}
		}, {
			"streams":	[{
					"socket":	5,
					"start":	6.000006,
					"end":	7.000023,
					"seconds":	1.0000170469284058,
					"bytes":	5413273600,
					"bits_per_second":	43305450575.084465,
					"retransmits":	0,
					"snd_cwnd":	982245,
					"rtt":	16,
					"rttvar":	2,
					"pmtu":	65535,
					"omitted":	false,
					"sender":	true
				}],
			"sum":	{
				"start":	6.000006,
				"end":	7.000023,
				"seconds":	1.0000170469284058,
				"bytes":	5413273600,
				"bits_per_second":	43305450575.084465,
				"retransmits":	0,
				"omitted":	false,
				"sender":	true
			}
		}, {
			"streams":	[{
					"socket":	5,
					"start":	7.000023,
					"end":	8.000017,
					"seconds":	0.99999397993087769,
					"bytes":	5434245120,
					"bits_per_second":	43474222677.825562,
					"retransmits":	0,
					"snd_cwnd":	982245,
					"rtt":	15,
					"rttvar":	0,
					"pmtu":	65535,
					"omitted":	false,
					"sender":	true
				}],
			"sum":	{
				"start":	7.000023,
				"end":	8.000017,
				"seconds":	0.99999397993087769,
				"bytes":	5434245120,
				"bits_per_second":	43474222677.825562,
				"retransmits":	0,
				"omitted":	false,
				"sender":	true
			}
		}, {
			"streams":	[{
					"socket":	5,
					"start":	8.000017,
					"end":	9.000017,
					"seconds":	1,
					"bytes":	5506990080,
					"bits_per_second":	44055920640,
					"retransmits":	0,
					"snd_cwnd":	982245,
					"rtt":	15,
					"rttvar":	1,
					"pmtu":	65535,
					"omitted":	false,
					"sender":	true
				}],
			"sum":	{
				"start":	8.000017,
				"end":	9.000017,
				"seconds":	1,
				"bytes":	5506990080,
				"bits_per_second":	44055920640,
				"retransmits":	0,
				"omitted":	false,
				"sender":	true
			}
		}, {
			"streams":	[{
					"socket":	5,
					"start":	9.000017,
					"end":	10.000042,
					"seconds":	1.0000250339508057,
					"bytes":	5546311680,
					"bits_per_second":	44369382699.056236,
					"retransmits":	0,
					"snd_cwnd":	982245,
					"rtt":	15,
					"rttvar":	2,
					"pmtu":	65535,
					"omitted":	false,
					"sender":	true
				}],
			"sum":	{
				"start":	9.000017,
				"end":	10.000042,
				"seconds":	1.0000250339508057,
				"bytes":	5546311680,
				"bits_per_second":	44369382699.056236,
				"retransmits":	0,
				"omitted":	false,
				"sender":	true
			}
		}],
	"end":	{
		"streams":	[{
				"sender":	{
					"socket":	5,
					"start":	0,
					"end":	10.000042,
					"seconds":	10.000042,
					"bytes":	54952591360,
					"bits_per_second":	43961888448.068512,
					"retransmits":	0,
					"max_snd_cwnd":	982245,
					"max_rtt":	16,
					"min_rtt":	14,
					"mean_rtt":	15,
					"sender":	true
				},
				"receiver":	{
					"socket":	5,
					"start":	0,
					"end":	10.00005,
					"seconds":	10.000042,
					"bytes":	54952591360,
					"bits_per_second":	43961853278.7336,
					"sender":	true
				}
			}],
		"sum_sent":	{
			"start":	0,
			"end":	10.000042,
			"seconds":	10.000042,
			"bytes":	54952591360,
			"bits_per_second":	43961888448.068512,
			"retransmits":	0,
			"sender":	true
		},
		"sum_received":	{
			"start":	0,
			"end":	10.00005,
			"seconds":	10.00005,
			"bytes":	54952591360,
			"bits_per_second":	43961853278.7336,
			"sender":	true
		},
		"cpu_utilization_percent":	{
			"host_total":	99.991401302702641,
			"host_user":	6.46811008132268,
			"host_system":	93.523291221379949,
			"remote_total":	84.901809220030174,
			"remote_user":	14.166808459248811,
			"remote_system":	70.7350107579082
		},
		"sender_tcp_congestion":	"cubic",
		"receiver_tcp_congestion":	"cubic"
	},
	"server_output_json":	{
		"start":	{
			"connected":	[{
					"socket":	5,
					"local_host":	"127.0.0.1",
					"local_port":	5201,
					"remote_host":	"127.0.0.1",
					"remote_port":	46246
				}],
			"version":	"iperf 3.9",