{
	"start":	{
		"connected":	[{
				"socket":	5,
				"local_host":	"127.0.0.1",
				"local_port":	46266,
				"remote_host":	"127.0.0.1",
				"remote_port":	5201
			}],
		"version":	"iperf 3.9",
		"system_info":	"Linux optiplex 5.4.0-74-generic #83~18.04.1-Ubuntu SMP Tue May 11 16:01:00 UTC 2021 x86_64",
		"timestamp":	{
			"time":	"Sun, 13 Jun 2021 05:48:32 GMT",
			"timesecs":	1623563312
		},
		"connecting_to":	{
			"host":	"localhost",
			"port":	5201
		},
		"cookie":	"lbw2lozepwxmbv3xvy3w3ophwzvcu7qupjll",
		"tcp_mss_default":	32768,
		"sock_bufsize":	0,
		"sndbuf_actual":	16384,
		"rcvbuf_actual":	131072,
		"test_start":	{
			"protocol":	"TCP",
			"num_streams":	1,
			"blksize":	1048576,
			"omit":	0,
			"duration":	10,
			"bytes":	0,
			"blocks":	0,
			"reverse":	0,
			"tos":	0
		}
	},
	"intervals":	[{
			"streams":	[{
					"socket":	5,
					"start":	0,
					"end":	1.001158,
					"seconds":	1.0011579990386963,
					"bytes":	7203717120,
					"bits_per_second":	57563078969.888474,
					"retransmits":	0,
					"snd_cwnd":	1309660,
					"rtt":	130,
					"rttvar":	10,
					"pmtu":	65535,
					"omitted":	false,
					"sender":	true
				}],
			"sum":	{
				"start":	0,
				"end":	1.001158,
				"seconds":	1.0011579990386963,
				"bytes":	7203717120,
				"bits_per_second":	57563078969.888474,
				"retransmits":	0,
				"omitted":	false,
				"sender":	true
			}
		}, {
			"streams":	[{
					"socket":	5,
					"start":	1.001158,
					"end":	2.001189,
					"seconds":	1.0000309944152832,
					"bytes":	7214202880,
					"bits_per_second":	57711834295.4411,
					"retransmits":	0,
					"snd_cwnd":	1375143,
					"rtt":	126,
					"rttvar":	18,
					"pmtu":	65535,
					"omitted":	false,
					"sender":	true
				}],
			"sum":	{
				"start":	1.001158,
				"end":	2.001189,
				"seconds":	1.0000309944152832,
				"bytes":	7214202880,
				"bits_per_second":	57711834295.4411,
				"retransmits":	0,
				"omitted":	false,
				"sender":	true
			}
		}, {
			"streams":	[{
					"socket":	5,
					"start":	2.001189,
					"end":	3.000178,
					"seconds":	0.99898898601531982,
					"bytes":	7203717120,
					"bits_per_second":	57688060395.809235,
					"retransmits":	0,
					"snd_cwnd":	1899007,
					"rtt":	119,
					"rttvar":	24,
					"pmtu":	65535,
					"omitted":	false,
					"sender":	true
				}],
			"sum":	{
				"start":	2.001189,
				"end":	3.000178,
				"seconds":	0.99898898601531982,
				"bytes":	7203717120,
				"bits_per_second":	57688060395.809235,
				"retransmits":	0,
				"omitted":	false,
				"sender":	true
			}
		}, {
			"streams":	[{
					"socket":	5,
					"start":	3.000178,
					"end":	4.000096,
					"seconds":	0.999917984008789,
					"bytes":	7203717120,
					"bits_per_second":	57634463907.6853,
					"retransmits":	0,
					"snd_cwnd":	1899007,
					"rtt":	133,
					"rttvar":	6,
					"pmtu":	65535,
					"omitted":	false,
					"sender":	true
				}],
			"sum":	{
				"start":	3.000178,
				"end":	4.000096,
				"seconds":	0.999917984008789,
				"bytes":	7203717120,
				"bits_per_second":	57634463907.6853,
				"retransmits":	0,
				"omitted":	false,
				"sender":	true
			}
		}, {
			"streams":	[{
					"socket":	5,
					"start":	4.000096,
					"end":	5.00095,
					"seconds":	1.0008540153503418,
					"bytes":	7193231360,
					"bits_per_second":	57496747774.805588,
					"retransmits":	0,
					"snd_cwnd":	1899007,
					"rtt":	127,
					"rttvar":	13,
					"pmtu":	65535,
					"omitted":	false,
					"sender":	true
				}],
			"sum":	{
				"start":	4.000096,
				"end":	5.00095,
				"seconds":	1.0008540153503418,
				"bytes":	7193231360,
				"bits_per_second":	57496747774.805588,
				"retransmits":	0,
				"omitted":	false,
				"sender":	true
			}
		}, {
			"streams":	[{
					"socket":	5,
					"start":	5.00095,
					"end":	6.001091,
					"seconds":	1.0001410245895386,
					"bytes":	7193231360,
					"bits_per_second":	57537736644.306755,
					"retransmits":	0,
					"snd_cwnd":	1899007,
					"rtt":	127,
					"rttvar":	17,
					"pmtu":	65535,
					"omitted":	false,
					"sender":	true
				}],
			"sum":	{
				"start":	5.00095,
				"end":	6.001091,
				"seconds":	1.0001410245895386,
				"bytes":	7193231360,
				"bits_per_second":	57537736644.306755,
				"retransmits":	0,
				"omitted":	false,
				"sender":	true
			}
		}, {
			"streams":	[{
					"socket":	5,
					"start":	6.001091,
					"end":	7.001056,
					"seconds":	0.999965012073517,
					"bytes":	7193231360,
					"bits_per_second":	57547864360.4475,
					"retransmits":	0,
					"snd_cwnd":	1899007,
					"rtt":	120,
					"rttvar":	21,
					"pmtu":	65535,
					"omitted":	false,
					"sender":	true
				}],
			"sum":	{
				"start":	6.001091,
				"end":	7.001056,
				"seconds":	0.999965012073517,
				"bytes":	7193231360,
				"bits_per_second":	57547864360.4475,
				"retransmits":	0,
				"omitted":	false,
				"sender":	true
			}
		}, {
			"streams":	[{
					"socket":	5,
					"start":	7.001056,
					"end":	8.000244,
					"seconds":	0.999188005924225,
					"bytes":	7224688640,
					"bits_per_second":	57844478493.8533,
					"retransmits":	0,
					"snd_cwnd":	1899007,
					"rtt":	132,
					"rttvar":	12,
					"pmtu":	65535,
					"omitted":	false,
					"sender":	true
				}],
			"sum":	{
				"start":	7.001056,
				"end":	8.000244,
				"seconds":	0.999188005924225,
				"bytes":	7224688640,
				"bits_per_second":	57844478493.8533,
				"retransmits":	0,
				"omitted":	false,
				"sender":	true
			}
		}, {
			"streams":	[{
					"socket":	5,
					"start":	8.000244,
					"end":	9.000177,
					"seconds":	0.99993300437927246,
					"bytes":	7098859520,
					"bits_per_second":	56794681154.918,
					"retransmits":	0,
					"snd_cwnd":	1899007,
					"rtt":	132,
					"rttvar":	9,
					"pmtu":	65535,
					"omitted":	false,
					"sender":	true
				}],
			"sum":	{
				"start":	8.000244,
				"end":	9.000177,
				"seconds":	0.99993300437927246,
				"bytes":	7098859520,
				"bits_per_second":	56794681154.918,
				"retransmits":	0,
				"omitted":	false,
				"sender":	true
			}
		}, {
			"streams":	[{
					"socket":	5,
					"start":	9.000177,
					"end":	10.000875,
					"seconds":	1.00069797039032,
					"bytes":	7130316800,
					"bits_per_second":	57002748169.610756,
					"retransmits":	0,
					"snd_cwnd":	1899007,
					"rtt":	105,
					"rttvar":	25,
					"pmtu":	65535,
					"omitted":	false,
					"sender":	true
				}],
			"sum":	{
				"start":	9.000177,
				"end":	10.000875,
				"seconds":	1.00069797039032,
				"bytes":	7130316800,
				"bits_per_second":	57002748169.610756,
				"retransmits":	0,
				"omitted":	false,
				"sender":	true
			}
		}],
	"end":	{
		"streams":	[{
				"sender":	{
					"socket":	5,
					"start":	0,
					"end":	10.000875,
					"seconds":	10.000875,
					"bytes":	71858913280,
					"bits_per_second":	57482100940.167732,
					"retransmits":	0,
					"max_snd_cwnd":	1899007,
					"max_rtt":	133,
					"min_rtt":	105,
					"mean_rtt":	125,
					"sender":	true
				},
				"receiver":	{
					"socket":	5,
					"start":	0,
					"end":	10.000915,
					"seconds":	10.000875,
					"bytes":	71858913280,
					"bits_per_second":	57481871032.8005,
					"sender":	true
				}
			}],
		"sum_sent":	{
			"start":	0,
			"end":	10.000875,
			"seconds":	10.000875,
			"bytes":	71858913280,
			"bits_per_second":	57482100940.167732,
			"retransmits":	0,
			"sender":	true
		},
		"sum_received":	{
			"start":	0,
			"end":	10.000915,
			"seconds":	10.000915,
			"bytes":	71858913280,
			"bits_per_second":	57481871032.8005,
			"sender":	true
		},
		"cpu_utilization_percent":	{
			"host_total":	99.985898512711358,
			"host_user":	0.26999966339670173,
			"host_system":	99.7158888906372,
			"remote_total":	76.5544111874709,
			"remote_user":	12.384208158556483,
			"remote_system":	64.1702129862909
		},
		"sender_tcp_congestion":	"cubic",
		"receiver_tcp_congestion":	"cubic"
	},
	"server_output_json":	{
		"start":	{
			"connected":	[{
					"socket":	5,
					"local_host":	"127.0.0.1",
					"local_port":	5201,
					"remote_host":	"127.0.0.1",
					"remote_port":	46266
				}],