{
	"start":	{
		"connected":	[{
				"socket":	5,
				"local_host":	"127.0.0.1",
				"local_port":	46254,
				"remote_host":	"127.0.0.1",
				"remote_port":	5201
			}],
		"version":	"iperf 3.9",
		"system_info":	"Linux optiplex 5.4.0-74-generic #83~18.04.1-Ubuntu SMP Tue May 11 16:01:00 UTC 2021 x86_64",
		"timestamp":	{
			"time":	"Sun, 13 Jun 2021 05:48:02 GMT",
			"timesecs":	1623563282
		},
		"connecting_to":	{
			"host":	"localhost",
			"port":	5201
		},
		"cookie":	"kzfjrxpahy4rihofj7vwyccmprwnlclc4fxe",
		"tcp_mss_default":	32768,
		"sock_bufsize":	0,
		"sndbuf_actual":	16384,
		"rcvbuf_actual":	131072,
		"test_start":	{
			"protocol":	"TCP",
			"num_streams":	1,
			"blksize":	131072,
			"omit":	0,
			"duration":	10,
			"bytes":	0,
			"blocks":	0,
			"reverse":	0,
			"tos":	0
		}
	},
	"intervals":	[{
			"streams":	[{
					"socket":	5,
					"start":	0,
					"end":	1.00017,
					"seconds":	1.0001699924468994,
					"bytes":	6266552320,
					"bits_per_second":	50123897875.951927,
					"retransmits":	0,
					"snd_cwnd":	1047728,
					"rtt":	21,
					"rttvar":	2,
					"pmtu":	65535,
					"omitted":	false,
					"sender":	true
				}],
			"sum":	{
				"start":	0,
				"end":	1.00017,
				"seconds":	1.0001699924468994,
				"bytes":	6266552320,
				"bits_per_second":	50123897875.951927,
				"retransmits":	0,
				"omitted":	false,
				"sender":	true
			}
		}, {
			"streams":	[{
					"socket":	5,
					"start":	1.00017,
					"end":	2.000031,
					"seconds":	0.99986100196838379,
					"bytes":	6224609280,
					"bits_per_second":	49803796869.7319,
					"retransmits":	0,
					"snd_cwnd":	1047728,
					"rtt":	20,
					"rttvar":	1,
					"pmtu":	65535,
					"omitted":	false,
					"sender":	true
				}],
			"sum":	{
				"start":	1.00017,
				"end":	2.000031,
				"seconds":	0.99986100196838379,
				"bytes":	6224609280,
				"bits_per_second":	49803796869.7319,
				"retransmits":	0,
				"omitted":	false,
				"sender":	true
			}
		}, {
			"streams":	[{
					"socket":	5,
					"start":	2.000031,
					"end":	3.000107,
					"seconds":	1.0000760555267334,
					"bytes":	6193152000,
					"bits_per_second":	49541448099.069687,
					"retransmits":	0,
					"snd_cwnd":	1047728,
					"rtt":	20,
					"rttvar":	2,
					"pmtu":	65535,
					"omitted":	false,
					"sender":	true
				}],
			"sum":	{
				"start":	2.000031,
				"end":	3.000107,
				"seconds":	1.0000760555267334,
				"bytes":	6193152000,
				"bits_per_second":	49541448099.069687,
				"retransmits":	0,
				"omitted":	false,
				"sender":	true
			}
		}, {
			"streams":	[{
					"socket":	5,
					"start":	3.000107,
					"end":	4.000051,
					"seconds":	0.999943971633911,
					"bytes":	6286213120,
					"bits_per_second":	50292522767.877174,
					"retransmits":	0,
					"snd_cwnd":	1047728,
					"rtt":	20,
					"rttvar":	3,
					"pmtu":	65535,
					"omitted":	false,
					"sender":	true
				}],
			"sum":	{
				"start":	3.000107,
				"end":	4.000051,
				"seconds":	0.999943971633911,
				"bytes":	6286213120,
				"bits_per_second":	50292522767.877174,
				"retransmits":	0,
				"omitted":	false,
				"sender":	true
			}
		}, {
			"streams":	[{
					"socket":	5,
					"start":	4.000051,
					"end":	5.000018,
					"seconds":	0.99996697902679443,
					"bytes":	6224609280,
					"bits_per_second":	49798518635.549538,
					"retransmits":	0,
					"snd_cwnd":	1047728,
					"rtt":	19,
					"rttvar":	0,
					"pmtu":	65535,
					"omitted":	false,
					"sender":	true
				}],
			"sum":	{
				"start":	4.000051,
				"end":	5.000018,
				"seconds":	0.99996697902679443,
				"bytes":	6224609280,
				"bits_per_second":	49798518635.549538,
				"retransmits":	0,
				"omitted":	false,
				"sender":	true
			}
		}, {
			"streams":	[{
					"socket":	5,
					"start":	5.000018,
					"end":	6.000023,
					"seconds":	1.0000050067901611,
					"bytes":	6290145280,
					"bits_per_second":	50320910293.761444,
					"retransmits":	0,
					"snd_cwnd":	1047728,
					"rtt":	19,
					"rttvar":	0,
					"pmtu":	65535,
					"omitted":	false,
					"sender":	true
				}],
			"sum":	{
				"start":	5.000018,
				"end":	6.000023,
				"seconds":	1.0000050067901611,
				"bytes":	6290145280,
				"bits_per_second":	50320910293.761444,
				"retransmits":	0,
				"omitted":	false,
				"sender":	true
			}
		}, {
			"streams":	[{
					"socket":	5,
					"start":	6.000023,
					"end":	7.000072,
					"seconds":	1.0000489950180054,
					"bytes":	6290145280,
					"bits_per_second":	50318696874.540627,
					"retransmits":	0,
					"snd_cwnd":	1047728,
					"rtt":	19,
					"rttvar":	1,
					"pmtu":	65535,
					"omitted":	false,
					"sender":	true
				}],
			"sum":	{
				"start":	6.000023,
				"end":	7.000072,
				"seconds":	1.0000489950180054,
				"bytes":	6290145280,
				"bits_per_second":	50318696874.540627,
				"retransmits":	0,
				"omitted":	false,
				"sender":	true
			}
		}, {
			"streams":	[{
					"socket":	5,
					"start":	7.000072,
					"end":	8.000016,
					"seconds":	0.999943971633911,
					"bytes":	6209927096,
					"bits_per_second":	49682200380.511017,
					"retransmits":	0,
					"snd_cwnd":	1113211,
					"rtt":	20,
					"rttvar":	0,
					"pmtu":	65535,
					"omitted":	false,
					"sender":	true
				}],
			"sum":	{
				"start":	7.000072,
				"end":	8.000016,
				"seconds":	0.999943971633911,
				"bytes":	6209927096,
				"bits_per_second":	49682200380.511017,
				"retransmits":	0,
				"omitted":	false,
				"sender":	true
			}
		}, {
			"streams":	[{
					"socket":	5,
					"start":	8.000016,
					"end":	9.000035,
					"seconds":	1.0000189542770386,
					"bytes":	6221987840,
					"bits_per_second":	49774959271.632385,
					"retransmits":	0,
					"snd_cwnd":	1113211,
					"rtt":	19,
					"rttvar":	0,
					"pmtu":	65535,
					"omitted":	false,
					"sender":	true
				}],
			"sum":	{
				"start":	8.000016,
				"end":	9.000035,
				"seconds":	1.0000189542770386,
				"bytes":	6221987840,
				"bits_per_second":	49774959271.632385,
				"retransmits":	0,
				"omitted":	false,
				"sender":	true
			}
		}, {
			"streams":	[{
					"socket":	5,
					"start":	9.000035,
					"end":	10.000083,
					"seconds":	1.000048041343689,
					"bytes":	6187909120,
					"bits_per_second":	49500894870.496613,
					"retransmits":	0,
					"snd_cwnd":	1113211,
					"rtt":	19,
					"rttvar":	2,
					"pmtu":	65535,
					"omitted":	false,
					"sender":	true
				}],
			"sum":	{
				"start":	9.000035,
				"end":	10.000083,
				"seconds":	1.000048041343689,
				"bytes":	6187909120,
				"bits_per_second":	49500894870.496613,
				"retransmits":	0,
				"omitted":	false,
				"sender":	true
			}
		}],
	"end":	{
		"streams":	[{
				"sender":	{
					"socket":	5,
					"start":	0,
					"end":	10.000083,
					"seconds":	10.000083,
					"bytes":	62395250616,
					"bits_per_second":	49915786191.7746,
					"retransmits":	0,
					"max_snd_cwnd":	1113211,
					"max_rtt":	21,
					"min_rtt":	19,
					"mean_rtt":	19,
					"sender":	true
				},
				"receiver":	{
					"socket":	5,
					"start":	0,
					"end":	10.00009,
					"seconds":	10.000083,
					"bytes":	62395250616,
					"bits_per_second":	49915751251.038742,
					"sender":	true
				}
			}],
		"sum_sent":	{
			"start":	0,
			"end":	10.000083,
			"seconds":	10.000083,
			"bytes":	62395250616,
			"bits_per_second":	49915786191.7746,
			"retransmits":	0,
			"sender":	true
		},
		"sum_received":	{
			"start":	0,
			"end":	10.00009,
			"seconds":	10.00009,
			"bytes":	62395250616,
			"bits_per_second":	49915751251.038742,
			"sender":	true
		},
		"cpu_utilization_percent":	{
			"host_total":	99.9881466378828,
			"host_user":	2.3485847925161911,
			"host_system":	97.639551850963457,
			"remote_total":	82.0058009828194,
			"remote_user":	12.296314801999616,
			"remote_system":	69.7094961738996
		},
		"sender_tcp_congestion":	"cubic",
		"receiver_tcp_congestion":	"cubic"
	},
	"server_output_json":	{
		"start":	{
			"connected":	[{
					"socket":	5,
					"local_host":	"127.0.0.1",
					"local_port":	5201,
					"remote_host":	"127.0.0.1",
					"remote_port":	46254
				}],