{
	"start":	{
		"connected":	[{
				"socket":	5,
				"local_host":	"127.0.0.1",
				"local_port":	46258,
				"remote_host":	"127.0.0.1",
				"remote_port":	5201
			}],
		"version":	"iperf 3.9",
		"system_info":	"Linux optiplex 5.4.0-74-generic #83~18.04.1-Ubuntu SMP Tue May 11 16:01:00 UTC 2021 x86_64",
		"timestamp":	{
			"time":	"Sun, 13 Jun 2021 05:48:12 GMT",
			"timesecs":	1623563292
		},
		"connecting_to":	{
			"host":	"localhost",
			"port":	5201
		},
		"cookie":	"nokeq5w7lrl3y6cizpoxois4cilcj4bdisjy",
		"tcp_mss_default":	32768,
		"sock_bufsize":	0,
		"sndbuf_actual":	16384,
		"rcvbuf_actual":	131072,
		"test_start":	{
			"protocol":	"TCP",
			"num_streams":	1,
			"blksize":	262144,
			"omit":	0,
			"duration":	10,
			"bytes":	0,
			"blocks":	0,
			"reverse":	0,
			"tos":	0
		}
	},
	"intervals":	[{
			"streams":	[{
					"socket":	5,
					"start":	0,
					"end":	1.000156,
					"seconds":	1.000156044960022,
					"bytes":	6792151040,
					"bits_per_second":	54328730595.4062,
					"retransmits":	0,
					"snd_cwnd":	982245,
					"rtt":	37,
					"rttvar":	2,
					"pmtu":	65535,
					"omitted":	false,
					"sender":	true
				}],
			"sum":	{
				"start":	0,
				"end":	1.000156,
				"seconds":	1.000156044960022,
				"bytes":	6792151040,
				"bits_per_second":	54328730595.4062,
				"retransmits":	0,
				"omitted":	false,
				"sender":	true
			}
		}, {
			"streams":	[{
					"socket":	5,
					"start":	1.000156,
					"end":	2.000283,
					"seconds":	1.0001269578933716,
					"bytes":	6800015360,
					"bits_per_second":	54393217231.726555,
					"retransmits":	0,
					"snd_cwnd":	1244177,
					"rtt":	37,
					"rttvar":	0,
					"pmtu":	65535,
					"omitted":	false,
					"sender":	true
				}],
			"sum":	{
				"start":	1.000156,
				"end":	2.000283,
				"seconds":	1.0001269578933716,
				"bytes":	6800015360,
				"bits_per_second":	54393217231.726555,
				"retransmits":	0,
				"omitted":	false,
				"sender":	true
			}
		}, {
			"streams":	[{
					"socket":	5,
					"start":	2.000283,
					"end":	3.000169,
					"seconds":	0.99988597631454468,
					"bytes":	6789529600,
					"bits_per_second":	54322430843.7677,
					"retransmits":	0,
					"snd_cwnd":	1244177,
					"rtt":	37,
					"rttvar":	0,
					"pmtu":	65535,
					"omitted":	false,
					"sender":	true
				}],
			"sum":	{
				"start":	2.000283,
				"end":	3.000169,
				"seconds":	0.99988597631454468,
				"bytes":	6789529600,
				"bits_per_second":	54322430843.7677,
				"retransmits":	0,
				"omitted":	false,
				"sender":	true
			}
		}, {
			"streams":	[{
					"socket":	5,
					"start":	3.000169,
					"end":	4.000016,
					"seconds":	0.99984699487686157,
					"bytes":	6786908160,
					"bits_per_second":	54303574005.0275,
					"retransmits":	0,
					"snd_cwnd":	1244177,
					"rtt":	37,
					"rttvar":	0,
					"pmtu":	65535,
					"omitted":	false,
					"sender":	true
				}],
			"sum":	{
				"start":	3.000169,
				"end":	4.000016,
				"seconds":	0.99984699487686157,
				"bytes":	6786908160,
				"bits_per_second":	54303574005.0275,
				"retransmits":	0,
				"omitted":	false,
				"sender":	true
			}
		}, {
			"streams":	[{
					"socket":	5,
					"start":	4.000016,
					"end":	5.000237,
					"seconds":	1.0002210140228271,
					"bytes":	6786908160,
					"bits_per_second":	54283267916.585548,
					"retransmits":	0,
					"snd_cwnd":	1244177,
					"rtt":	37,
					"rttvar":	1,
					"pmtu":	65535,
					"omitted":	false,
					"sender":	true
				}],
			"sum":	{
				"start":	4.000016,
				"end":	5.000237,
				"seconds":	1.0002210140228271,
				"bytes":	6786908160,
				"bits_per_second":	54283267916.585548,
				"retransmits":	0,
				"omitted":	false,
				"sender":	true
			}
		}, {
			"streams":	[{
					"socket":	5,
					"start":	5.000237,
					"end":	6.000365,
					"seconds":	1.0001280307769775,
					"bytes":	6786908160,
					"bits_per_second":	54288314704.887535,
					"retransmits":	0,
					"snd_cwnd":	1244177,
					"rtt":	38,
					"rttvar":	1,
					"pmtu":	65535,
					"omitted":	false,
					"sender":	true
				}],
			"sum":	{
				"start":	5.000237,
				"end":	6.000365,
				"seconds":	1.0001280307769775,
				"bytes":	6786908160,
				"bits_per_second":	54288314704.887535,
				"retransmits":	0,
				"omitted":	false,
				"sender":	true
			}
		}, {
			"streams":	[{
					"socket":	5,
					"start":	6.000365,
					"end":	7.000376,
					"seconds":	1.0000109672546387,
					"bytes":	6781665280,
					"bits_per_second":	54252727236.525551,
					"retransmits":	0,
					"snd_cwnd":	1244177,
					"rtt":	37,
					"rttvar":	0,
					"pmtu":	65535,
					"omitted":	false,
					"sender":	true
				}],
			"sum":	{
				"start":	6.000365,
				"end":	7.000376,
				"seconds":	1.0000109672546387,
				"bytes":	6781665280,
				"bits_per_second":	54252727236.525551,
				"retransmits":	0,
				"omitted":	false,
				"sender":	true
			}
		}, {
			"streams":	[{
					"socket":	5,
					"start":	7.000376,
					"end":	8.000174,
					"seconds":	0.9997979998588562,
					"bytes":	6794772480,
					"bits_per_second":	54369162418.4824,
					"retransmits":	0,
					"snd_cwnd":	2029973,
					"rtt":	37,
					"rttvar":	3,
					"pmtu":	65535,
					"omitted":	false,
					"sender":	true
				}],
			"sum":	{
				"start":	7.000376,
				"end":	8.000174,
				"seconds":	0.9997979998588562,
				"bytes":	6794772480,
				"bits_per_second":	54369162418.4824,
				"retransmits":	0,
				"omitted":	false,
				"sender":	true
			}
		}, {
			"streams":	[{
					"socket":	5,
					"start":	8.000174,
					"end":	9.000226,
					"seconds":	1.0000519752502441,
					"bytes":	6800015360,
					"bits_per_second":	54397295566.9503,
					"retransmits":	0,
					"snd_cwnd":	2029973,
					"rtt":	37,
					"rttvar":	0,
					"pmtu":	65535,
					"omitted":	false,
					"sender":	true
				}],
			"sum":	{
				"start":	8.000174,
				"end":	9.000226,
				"seconds":	1.0000519752502441,
				"bytes":	6800015360,
				"bits_per_second":	54397295566.9503,
				"retransmits":	0,
				"omitted":	false,
				"sender":	true
			}
		}, {
			"streams":	[{
					"socket":	5,
					"start":	9.000226,
					"end":	10.000305,
					"seconds":	1.0000790357589722,
					"bytes":	6805258240,
					"bits_per_second":	54437763390.053719,
					"retransmits":	0,
					"snd_cwnd":	2029973,
					"rtt":	33,
					"rttvar":	2,
					"pmtu":	65535,
					"omitted":	false,
					"sender":	true
				}],
			"sum":	{
				"start":	9.000226,
				"end":	10.000305,
				"seconds":	1.0000790357589722,
				"bytes":	6805258240,
				"bits_per_second":	54437763390.053719,
				"retransmits":	0,
				"omitted":	false,
				"sender":	true
			}
		}],
	"end":	{
		"streams":	[{
				"sender":	{
					"socket":	5,
					"start":	0,
					"end":	10.000305,
					"seconds":	10.000305,
					"bytes":	67924131840,
					"bits_per_second":	54337648173.7307,
					"retransmits":	0,
					"max_snd_cwnd":	2029973,
					"max_rtt":	38,
					"min_rtt":	33,
					"mean_rtt":	36,
					"sender":	true
				},
				"receiver":	{
					"socket":	5,
					"start":	0,
					"end":	10.000314,
					"seconds":	10.000305,
					"bytes":	67924131840,
					"bits_per_second":	54337599271.382881,
					"sender":	true
				}
			}],
		"sum_sent":	{
			"start":	0,
			"end":	10.000305,
			"seconds":	10.000305,
			"bytes":	67924131840,
			"bits_per_second":	54337648173.7307,
			"retransmits":	0,
			"sender":	true
		},
		"sum_received":	{
			"start":	0,
			"end":	10.000314,
			"seconds":	10.000314,
			"bytes":	67924131840,
			"bits_per_second":	54337599271.382881,
			"sender":	true
		},
		"cpu_utilization_percent":	{
			"host_total":	99.987982965178873,
			"host_user":	1.14941989087973,
			"host_system":	98.8385530850765,
			"remote_total":	80.2486970900521,
			"remote_user":	13.244517651936921,
			"remote_system":	67.004169451643861
		},
		"sender_tcp_congestion":	"cubic",
		"receiver_tcp_congestion":	"cubic"
	},
	"server_output_json":	{
		"start":	{
			"connected":	[{
					"socket":	5,
					"local_host":	"127.0.0.1",
					"local_port":	5201,
					"remote_host":	"127.0.0.1",
					"remote_port":	46258
				}],
			"version":	"iperf 3.9",