{
	"start":	{
		"connected":	[{
				"socket":	5,
				"local_host":	"127.0.0.1",
				"local_port":	46262,
				"remote_host":	"127.0.0.1",
				"remote_port":	5201
			}],
		"version":	"iperf 3.9",
		"system_info":	"Linux optiplex 5.4.0-74-generic #83~18.04.1-Ubuntu SMP Tue May 11 16:01:00 UTC 2021 x86_64",
		"timestamp":	{
			"time":	"Sun, 13 Jun 2021 05:48:22 GMT",
			"timesecs":	1623563302
		},
		"connecting_to":	{
			"host":	"localhost",
			"port":	5201
		},
		"cookie":	"cgobhmjwijz75zttvfr6pu3lmvvag2eo5ojy",
		"tcp_mss_default":	32768,
		"sock_bufsize":	0,
		"sndbuf_actual":	16384,
		"rcvbuf_actual":	131072,
		"test_start":	{
			"protocol":	"TCP",
			"num_streams":	1,
			"blksize":	524288,
			"omit":	0,
			"duration":	10,
			"bytes":	0,
			"blocks":	0,
			"reverse":	0,
			"tos":	0
		}
	},
	"intervals":	[{
			"streams":	[{
					"socket":	5,
					"start":	0,
					"end":	1.000198,
					"seconds":	1.0001980066299438,
					"bytes":	6915358720,
					"bits_per_second":	55311917633.593643,
					"retransmits":	0,
					"snd_cwnd":	1309660,
					"rtt":	71,
					"rttvar":	4,
					"pmtu":	65535,
					"omitted":	false,
					"sender":	true
				}],
			"sum":	{
				"start":	0,
				"end":	1.000198,
				"seconds":	1.0001980066299438,
				"bytes":	6915358720,
				"bits_per_second":	55311917633.593643,
				"retransmits":	0,
				"omitted":	false,
				"sender":	true
			}
		}, {
			"streams":	[{
					"socket":	5,
					"start":	1.000198,
					"end":	2.000005,
					"seconds":	0.99980700016021729,
					"bytes":	6800015360,
					"bits_per_second":	54410624121.737976,
					"retransmits":	0,
					"snd_cwnd":	1309660,
					"rtt":	70,
					"rttvar":	5,
					"pmtu":	65535,
					"omitted":	false,
					"sender":	true
				}],
			"sum":	{
				"start":	1.000198,
				"end":	2.000005,
				"seconds":	0.99980700016021729,
				"bytes":	6800015360,
				"bits_per_second":	54410624121.737976,
				"retransmits":	0,
				"omitted":	false,
				"sender":	true
			}
		}, {
			"streams":	[{
					"socket":	5,
					"start":	2.000005,
					"end":	3.000767,
					"seconds":	1.0007619857788086,
					"bytes":	6805258240,
					"bits_per_second":	54400613426.210762,
					"retransmits":	0,
					"snd_cwnd":	1309660,
					"rtt":	68,
					"rttvar":	6,
					"pmtu":	65535,
					"omitted":	false,
					"sender":	true
				}],
			"sum":	{
				"start":	2.000005,
				"end":	3.000767,
				"seconds":	1.0007619857788086,
				"bytes":	6805258240,
				"bits_per_second":	54400613426.210762,
				"retransmits":	0,
				"omitted":	false,
				"sender":	true
			}
		}, {
			"streams":	[{
					"socket":	5,
					"start":	3.000767,
					"end":	4.000002,
					"seconds":	0.999234974384308,
					"bytes":	6873415680,
					"bits_per_second":	55029424359.251617,
					"retransmits":	0,
					"snd_cwnd":	1309660,
					"rtt":	72,
					"rttvar":	2,
					"pmtu":	65535,
					"omitted":	false,
					"sender":	true
				}],
			"sum":	{
				"start":	3.000767,
				"end":	4.000002,
				"seconds":	0.999234974384308,
				"bytes":	6873415680,
				"bits_per_second":	55029424359.251617,
				"retransmits":	0,
				"omitted":	false,
				"sender":	true
			}
		}, {
			"streams":	[{
					"socket":	5,
					"start":	4.000002,
					"end":	5.000551,
					"seconds":	1.0005489587783813,
					"bytes":	6889144320,
					"bits_per_second":	55082916309.553024,
					"retransmits":	0,
					"snd_cwnd":	1309660,
					"rtt":	62,
					"rttvar":	3,
					"pmtu":	65535,
					"omitted":	false,
					"sender":	true
				}],
			"sum":	{
				"start":	4.000002,
				"end":	5.000551,
				"seconds":	1.0005489587783813,
				"bytes":	6889144320,
				"bits_per_second":	55082916309.553024,
				"retransmits":	0,
				"omitted":	false,
				"sender":	true
			}
		}, {
			"streams":	[{
					"socket":	5,
					"start":	5.000551,
					"end":	6.000568,
					"seconds":	1.0000170469284058,
					"bytes":	6878658560,
					"bits_per_second":	55028330415.991112,
					"retransmits":	0,
					"snd_cwnd":	1309660,
					"rtt":	63,
					"rttvar":	4,
					"pmtu":	65535,
					"omitted":	false,
					"sender":	true
				}],
			"sum":	{
				"start":	5.000551,
				"end":	6.000568,
				"seconds":	1.0000170469284058,
				"bytes":	6878658560,
				"bits_per_second":	55028330415.991112,
				"retransmits":	0,
				"omitted":	false,
				"sender":	true
			}
		}, {
			"streams":	[{
					"socket":	5,
					"start":	6.000568,
					"end":	7.000305,
					"seconds":	0.999737024307251,
					"bytes":	6857687040,
					"bits_per_second":	54875927355.011429,
					"retransmits":	0,
					"snd_cwnd":	1309660,
					"rtt":	69,
					"rttvar":	7,
					"pmtu":	65535,
					"omitted":	false,
					"sender":	true
				}],
			"sum":	{
				"start":	6.000568,
				"end":	7.000305,
				"seconds":	0.999737024307251,
				"bytes":	6857687040,
				"bits_per_second":	54875927355.011429,
				"retransmits":	0,
				"omitted":	false,
				"sender":	true
			}
		}, {
			"streams":	[{
					"socket":	5,
					"start":	7.000305,
					"end":	8.000382,
					"seconds":	1.00007700920105,
					"bytes":	6805258240,
					"bits_per_second":	54437873702.8393,
					"retransmits":	0,
					"snd_cwnd":	1309660,
					"rtt":	72,
					"rttvar":	4,
					"pmtu":	65535,
					"omitted":	false,
					"sender":	true
				}],
			"sum":	{
				"start":	7.000305,
				"end":	8.000382,
				"seconds":	1.00007700920105,
				"bytes":	6805258240,
				"bits_per_second":	54437873702.8393,
				"retransmits":	0,
				"omitted":	false,
				"sender":	true
			}
		}, {
			"streams":	[{
					"socket":	5,
					"start":	8.000382,
					"end":	9.000448,
					"seconds":	1.0000660419464111,
					"bytes":	6857687040,
					"bits_per_second":	54857873399.26474,
					"retransmits":	0,
					"snd_cwnd":	1309660,
					"rtt":	73,
					"rttvar":	2,
					"pmtu":	65535,
					"omitted":	false,
					"sender":	true
				}],
			"sum":	{
				"start":	8.000382,
				"end":	9.000448,
				"seconds":	1.0000660419464111,
				"bytes":	6857687040,
				"bits_per_second":	54857873399.26474,
				"retransmits":	0,
				"omitted":	false,
				"sender":	true
			}
		}, {
			"streams":	[{
					"socket":	5,
					"start":	9.000448,
					"end":	10.000344,
					"seconds":	0.999895989894867,
					"bytes":	6899630080,
					"bits_per_second":	55202782287.189331,
					"retransmits":	0,
					"snd_cwnd":	1309660,
					"rtt":	63,
					"rttvar":	6,
					"pmtu":	65535,
					"omitted":	false,
					"sender":	true
				}],
			"sum":	{
				"start":	9.000448,
				"end":	10.000344,
				"seconds":	0.999895989894867,
				"bytes":	6899630080,
				"bits_per_second":	55202782287.189331,
				"retransmits":	0,
				"omitted":	false,
				"sender":	true
			}
		}],
	"end":	{
		"streams":	[{
				"sender":	{
					"socket":	5,
					"start":	0,
					"end":	10.000344,
					"seconds":	10.000344,
					"bytes":	68582113280,
					"bits_per_second":	54863803309.166161,
					"retransmits":	0,
					"max_snd_cwnd":	1309660,
					"max_rtt":	73,
					"min_rtt":	62,
					"mean_rtt":	68,
					"sender":	true
				},
				"receiver":	{
					"socket":	5,
					"start":	0,
					"end":	10.000352,
					"seconds":	10.000344,
					"bytes":	68582113280,
					"bits_per_second":	54863759419.668434,
					"sender":	true
				}
			}],
		"sum_sent":	{
			"start":	0,
			"end":	10.000344,
			"seconds":	10.000344,
			"bytes":	68582113280,
			"bits_per_second":	54863803309.166161,
			"retransmits":	0,
			"sender":	true
		},
		"sum_received":	{
			"start":	0,
			"end":	10.000352,
			"seconds":	10.000352,
			"bytes":	68582113280,
			"bits_per_second":	54863759419.668434,
			"sender":	true
		},
		"cpu_utilization_percent":	{
			"host_total":	99.9862589688419,
			"host_user":	0.789176258611595,
			"host_system":	99.197072731267937,
			"remote_total":	76.475331708113828,
			"remote_user":	14.043345328747758,
			"remote_system":	62.431996356975318
		},
		"sender_tcp_congestion":	"cubic",
		"receiver_tcp_congestion":	"cubic"
	},
	"server_output_json":	{
		"start":	{
			"connected":	[{
					"socket":	5,
					"local_host":	"127.0.0.1",
					"local_port":	5201,
					"remote_host":	"127.0.0.1",
					"remote_port":	46262
				}],