{
	"start":	{
		"connected":	[{
				"socket":	5,
				"local_host":	"127.0.0.1",
				"local_port":	46250,
				"remote_host":	"127.0.0.1",
				"remote_port":	5201
			}],
		"version":	"iperf 3.9",
		"system_info":	"Linux optiplex 5.4.0-74-generic #83~18.04.1-Ubuntu SMP Tue May 11 16:01:00 UTC 2021 x86_64",
		"timestamp":	{
			"time":	"Sun, 13 Jun 2021 05:47:52 GMT",
			"timesecs":	1623563272
		},
		"connecting_to":	{
			"host":	"localhost",
			"port":	5201
		},
		"cookie":	"we6kd5csujlqddukd6mxbujkbxdzbbai76p7",
		"tcp_mss_default":	32768,
		"sock_bufsize":	0,
		"sndbuf_actual":	16384,
		"rcvbuf_actual":	131072,
		"test_start":	{
			"protocol":	"TCP",
			"num_streams":	1,
			"blksize":	65536,
			"omit":	0,
			"duration":	10,
			"bytes":	0,
			"blocks":	0,
			"reverse":	0,
			"tos":	0
		}
	},
	"intervals":	[{
			"streams":	[{
					"socket":	5,
					"start":	0,
					"end":	1.000099,
					"seconds":	1.0000989437103271,
					"bytes":	5776998400,
					"bits_per_second":	46211414871.153183,
					"retransmits":	0,
					"snd_cwnd":	1244177,
					"rtt":	16,
					"rttvar":	3,
					"pmtu":	65535,
					"omitted":	false,
					"sender":	true
				}],
			"sum":	{
				"start":	0,
				"end":	1.000099,
				"seconds":	1.0000989437103271,
				"bytes":	5776998400,
				"bits_per_second":	46211414871.153183,
				"retransmits":	0,
				"omitted":	false,
				"sender":	true
			}
		}, {
			"streams":	[{
					"socket":	5,
					"start":	1.000099,
					"end":	2.000018,
					"seconds":	0.99991899728775024,
					"bytes":	5767823360,
					"bits_per_second":	46146324857.473816,
					"retransmits":	0,
					"snd_cwnd":	1244177,
					"rtt":	14,
					"rttvar":	1,
					"pmtu":	65535,
					"omitted":	false,
					"sender":	true
				}],
			"sum":	{
				"start":	1.000099,
				"end":	2.000018,
				"seconds":	0.99991899728775024,
				"bytes":	5767823360,
				"bits_per_second":	46146324857.473816,
				"retransmits":	0,
				"omitted":	false,
				"sender":	true
			}
		}, {
			"streams":	[{
					"socket":	5,
					"start":	2.000018,
					"end":	3.000099,
					"seconds":	1.000080943107605,
					"bytes":	5685903360,
					"bits_per_second":	45483545300.4985,
					"retransmits":	0,
					"snd_cwnd":	1244177,
					"rtt":	15,
					"rttvar":	1,
					"pmtu":	65535,
					"omitted":	false,
					"sender":	true
				}],
			"sum":	{
				"start":	2.000018,
				"end":	3.000099,
				"seconds":	1.000080943107605,
				"bytes":	5685903360,
				"bits_per_second":	45483545300.4985,
				"retransmits":	0,
				"omitted":	false,
				"sender":	true
			}
		}, {
			"streams":	[{
					"socket":	5,
					"start":	3.000099,
					"end":	4.00009,
					"seconds":	0.999990999698639,
					"bytes":	5731123200,
					"bits_per_second":	45849398258.40155,
					"retransmits":	0,
					"snd_cwnd":	1244177,
					"rtt":	15,
					"rttvar":	1,
					"pmtu":	65535,
					"omitted":	false,
					"sender":	true
				}],
			"sum":	{
				"start":	3.000099,
				"end":	4.00009,
				"seconds":	0.999990999698639,
				"bytes":	5731123200,
				"bits_per_second":	45849398258.40155,
				"retransmits":	0,
				"omitted":	false,
				"sender":	true
			}
		}, {
			"streams":	[{
					"socket":	5,
					"start":	4.00009,
					"end":	5.000103,
					"seconds":	1.000012993812561,
					"bytes":	5764546560,
					"bits_per_second":	46115773260.286148,
					"retransmits":	0,
					"snd_cwnd":	1244177,
					"rtt":	15,
					"rttvar":	1,
					"pmtu":	65535,
					"omitted":	false,
					"sender":	true
				}],
			"sum":	{
				"start":	4.00009,
				"end":	5.000103,
				"seconds":	1.000012993812561,
				"bytes":	5764546560,
				"bits_per_second":	46115773260.286148,
				"retransmits":	0,
				"omitted":	false,
				"sender":	true
			}
		}, {
			"streams":	[{
					"socket":	5,
					"start":	5.000103,
					"end":	6.000071,
					"seconds":	0.99996799230575562,
					"bytes":	5758648320,
					"bits_per_second":	46070661175.636543,
					"retransmits":	0,
					"snd_cwnd":	1244177,
					"rtt":	15,
					"rttvar":	2,
					"pmtu":	65535,
					"omitted":	false,
					"sender":	true
				}],
			"sum":	{
				"start":	5.000103,
				"end":	6.000071,
				"seconds":	0.99996799230575562,
				"bytes":	5758648320,
				"bits_per_second":	46070661175.636543,
				"retransmits":	0,
				"omitted":	false,
				"sender":	true
			}
		}, {
			"streams":	[{
					"socket":	5,
					"start":	6.000071,
					"end":	7.000098,
					"seconds":	1.0000269412994385,
					"bytes":	5753405440,
					"bits_per_second":	46026003519.657219,
					"retransmits":	0,
					"snd_cwnd":	1244177,
					"rtt":	15,
					"rttvar":	1,
					"pmtu":	65535,
					"omitted":	false,
					"sender":	true
				}],
			"sum":	{
				"start":	6.000071,
				"end":	7.000098,
				"seconds":	1.0000269412994385,
				"bytes":	5753405440,
				"bits_per_second":	46026003519.657219,
				"retransmits":	0,
				"omitted":	false,
				"sender":	true
			}
		}, {
			"streams":	[{
					"socket":	5,
					"start":	7.000098,
					"end":	8.000073,
					"seconds":	0.999975025653839,
					"bytes":	5761925120,
					"bits_per_second":	46096552191.251251,
					"retransmits":	0,
					"snd_cwnd":	1244177,
					"rtt":	16,
					"rttvar":	4,
					"pmtu":	65535,
					"omitted":	false,
					"sender":	true
				}],
			"sum":	{
				"start":	7.000098,
				"end":	8.000073,
				"seconds":	0.999975025653839,
				"bytes":	5761925120,
				"bits_per_second":	46096552191.251251,
				"retransmits":	0,
				"omitted":	false,
				"sender":	true
			}
		}, {
			"streams":	[{
					"socket":	5,
					"start":	8.000073,
					"end":	9.000101,
					"seconds":	1.0000280141830444,
					"bytes":	5737021440,
					"bits_per_second":	45894885812.268051,
					"retransmits":	0,
					"snd_cwnd":	1244177,
					"rtt":	15,
					"rttvar":	1,
					"pmtu":	65535,
					"omitted":	false,
					"sender":	true
				}],
			"sum":	{
				"start":	8.000073,
				"end":	9.000101,
				"seconds":	1.0000280141830444,
				"bytes":	5737021440,
				"bits_per_second":	45894885812.268051,
				"retransmits":	0,
				"omitted":	false,
				"sender":	true
			}
		}, {
			"streams":	[{
					"socket":	5,
					"start":	9.000101,
					"end":	10.000021,
					"seconds":	0.99992001056671143,
					"bytes":	5755371520,
					"bits_per_second":	46046655405.87075,
					"retransmits":	0,
					"snd_cwnd":	1244177,
					"rtt":	15,
					"rttvar":	1,
					"pmtu":	65535,
					"omitted":	false,
					"sender":	true
				}],
			"sum":	{
				"start":	9.000101,
				"end":	10.000021,
				"seconds":	0.99992001056671143,
				"bytes":	5755371520,
				"bits_per_second":	46046655405.87075,
				"retransmits":	0,
				"omitted":	false,
				"sender":	true
			}
		}],
	"end":	{
		"streams":	[{
				"sender":	{
					"socket":	5,
					"start":	0,
					"end":	10.000021,
					"seconds":	10.000021,
					"bytes":	57492766720,
					"bits_per_second":	45994116788.354744,
					"retransmits":	0,
					"max_snd_cwnd":	1244177,
					"max_rtt":	16,
					"min_rtt":	14,
					"mean_rtt":	15,
					"sender":	true
				},
				"receiver":	{
					"socket":	5,
					"start":	0,
					"end":	10.000029,
					"seconds":	10.000021,
					"bytes":	57492766720,
					"bits_per_second":	45994079993.168022,
					"sender":	true
				}
			}],
		"sum_sent":	{
			"start":	0,
			"end":	10.000021,
			"seconds":	10.000021,
			"bytes":	57492766720,
			"bits_per_second":	45994116788.354744,
			"retransmits":	0,
			"sender":	true
		},
		"sum_received":	{
			"start":	0,
			"end":	10.000029,
			"seconds":	10.000029,
			"bytes":	57492766720,
			"bits_per_second":	45994079993.168022,
			"sender":	true
		},
		"cpu_utilization_percent":	{
			"host_total":	99.989093034317861,
			"host_user":	3.829114740279254,
			"host_system":	96.1599782940386,
			"remote_total":	80.027392708725458,
			"remote_user":	11.848096214740284,
			"remote_system":	68.1792864981055
		},
		"sender_tcp_congestion":	"cubic",
		"receiver_tcp_congestion":	"cubic"
	},
	"server_output_json":	{
		"start":	{
			"connected":	[{
					"socket":	5,
					"local_host":	"127.0.0.1",
					"local_port":	5201,
					"remote_host":	"127.0.0.1",
					"remote_port":	46250
				}],