{
	"start":	{
		"connected":	[{
				"socket":	5,
				"local_host":	"127.0.0.1",
				"local_port":	46238,
				"remote_host":	"127.0.0.1",
				"remote_port":	5201
			}],
		"version":	"iperf 3.9",
		"system_info":	"Linux optiplex 5.4.0-74-generic #83~18.04.1-Ubuntu SMP Tue May 11 16:01:00 UTC 2021 x86_64",
		"timestamp":	{
			"time":	"Sun, 13 Jun 2021 05:47:22 GMT",
			"timesecs":	1623563242
		},
		"connecting_to":	{
			"host":	"localhost",
			"port":	5201
		},
		"cookie":	"zg7md5lwa3tjqfr5boqxmgj3nlfycdmsiz74",
		"tcp_mss_default":	32768,
		"sock_bufsize":	0,
		"sndbuf_actual":	16384,
		"rcvbuf_actual":	131072,
		"test_start":	{
			"protocol":	"TCP",
			"num_streams":	1,
			"blksize":	8192,
			"omit":	0,
			"duration":	10,
			"bytes":	0,
			"blocks":	0,
			"reverse":	0,
			"tos":	0
		}
	},
	"intervals":	[{
			"streams":	[{
					"socket":	5,
					"start":	0,
					"end":	1.000059,
					"seconds":	1.0000590085983276,
					"bytes":	3123200000,
					"bits_per_second":	24984125721.760719,
					"retransmits":	0,
					"snd_cwnd":	1309660,
					"rtt":	18,
					"rttvar":	17,
					"pmtu":	65535,
					"omitted":	false,
					"sender":	true
				}],
			"sum":	{
				"start":	0,
				"end":	1.000059,
				"seconds":	1.0000590085983276,
				"bytes":	3123200000,
				"bits_per_second":	24984125721.760719,
				"retransmits":	0,
				"omitted":	false,
				"sender":	true
			}
		}, {
			"streams":	[{
					"socket":	5,
					"start":	1.000059,
					"end":	2.000033,
					"seconds":	0.999974012374878,
					"bytes":	3140567040,
					"bits_per_second":	25125189263.999714,
					"retransmits":	0,
					"snd_cwnd":	1309660,
					"rtt":	11,
					"rttvar":	4,
					"pmtu":	65535,
					"omitted":	false,
					"sender":	true
				}],
			"sum":	{
				"start":	1.000059,
				"end":	2.000033,
				"seconds":	0.999974012374878,
				"bytes":	3140567040,
				"bits_per_second":	25125189263.999714,
				"retransmits":	0,
				"omitted":	false,
				"sender":	true
			}
		}, {
			"streams":	[{
					"socket":	5,
					"start":	2.000033,
					"end":	3.000025,
					"seconds":	0.9999920129776,
					"bytes":	3167191040,
					"bits_per_second":	25337730693.02261,
					"retransmits":	0,
					"snd_cwnd":	1309660,
					"rtt":	13,
					"rttvar":	8,
					"pmtu":	65535,
					"omitted":	false,
					"sender":	true
				}],
			"sum":	{
				"start":	2.000033,
				"end":	3.000025,
				"seconds":	0.9999920129776,
				"bytes":	3167191040,
				"bits_per_second":	25337730693.02261,
				"retransmits":	0,
				"omitted":	false,
				"sender":	true
			}
		}, {
			"streams":	[{
					"socket":	5,
					"start":	3.000025,
					"end":	4.000019,
					"seconds":	0.99999397993087769,
					"bytes":	3143434240,
					"bits_per_second":	25147625310.442631,
					"retransmits":	0,
					"snd_cwnd":	1309660,
					"rtt":	22,
					"rttvar":	19,
					"pmtu":	65535,
					"omitted":	false,
					"sender":	true
				}],
			"sum":	{
				"start":	3.000025,
				"end":	4.000019,
				"seconds":	0.99999397993087769,
				"bytes":	3143434240,
				"bits_per_second":	25147625310.442631,
				"retransmits":	0,
				"omitted":	false,
				"sender":	true
			}
		}, {
			"streams":	[{
					"socket":	5,
					"start":	4.000019,
					"end":	5.000071,
					"seconds":	1.0000519752502441,
					"bytes":	3123937280,
					"bits_per_second":	24990199368.13419,
					"retransmits":	0,
					"snd_cwnd":	1309660,
					"rtt":	28,
					"rttvar":	34,
					"pmtu":	65535,
					"omitted":	false,
					"sender":	true
				}],
			"sum":	{
				"start":	4.000019,
				"end":	5.000071,
				"seconds":	1.0000519752502441,
				"bytes":	3123937280,
				"bits_per_second":	24990199368.13419,
				"retransmits":	0,
				"omitted":	false,
				"sender":	true
			}
		}, {
			"streams":	[{
					"socket":	5,
					"start":	5.000071,
					"end":	6.000024,
					"seconds":	0.99995297193527222,
					"bytes":	3135488000,
					"bits_per_second":	25085083702.940083,
					"retransmits":	0,
					"snd_cwnd":	1309660,
					"rtt":	11,
					"rttvar":	3,
					"pmtu":	65535,
					"omitted":	false,
					"sender":	true
				}],
			"sum":	{
				"start":	5.000071,
				"end":	6.000024,
				"seconds":	0.99995297193527222,
				"bytes":	3135488000,
				"bits_per_second":	25085083702.940083,
				"retransmits":	0,
				"omitted":	false,
				"sender":	true
			}
		}, {
			"streams":	[{
					"socket":	5,
					"start":	6.000024,
					"end":	7.00001,
					"seconds":	0.99998599290847778,
					"bytes":	3161128960,
					"bits_per_second":	25289385910.742992,
					"retransmits":	0,
					"snd_cwnd":	1309660,
					"rtt":	24,
					"rttvar":	27,
					"pmtu":	65535,
					"omitted":	false,
					"sender":	true
				}],
			"sum":	{
				"start":	6.000024,
				"end":	7.00001,
				"seconds":	0.99998599290847778,
				"bytes":	3161128960,
				"bits_per_second":	25289385910.742992,
				"retransmits":	0,
				"omitted":	false,
				"sender":	true
			}
		}, {
			"streams":	[{
					"socket":	5,
					"start":	7.00001,
					"end":	8.000006,
					"seconds":	0.9999960064888,
					"bytes":	3146792960,
					"bits_per_second":	25174444214.424923,
					"retransmits":	0,
					"snd_cwnd":	1309660,
					"rtt":	12,
					"rttvar":	6,
					"pmtu":	65535,
					"omitted":	false,
					"sender":	true
				}],
			"sum":	{
				"start":	7.00001,
				"end":	8.000006,
				"seconds":	0.9999960064888,
				"bytes":	3146792960,
				"bits_per_second":	25174444214.424923,
				"retransmits":	0,
				"omitted":	false,
				"sender":	true
			}
		}, {
			"streams":	[{
					"socket":	5,
					"start":	8.000006,
					"end":	9.000012,
					"seconds":	1.0000059604644775,
					"bytes":	3114926080,
					"bits_per_second":	24919260109.635311,
					"retransmits":	0,
					"snd_cwnd":	1309660,
					"rtt":	39,
					"rttvar":	47,
					"pmtu":	65535,
					"omitted":	false,
					"sender":	true
				}],
			"sum":	{
				"start":	8.000006,
				"end":	9.000012,
				"seconds":	1.0000059604644775,
				"bytes":	3114926080,
				"bits_per_second":	24919260109.635311,
				"retransmits":	0,
				"omitted":	false,
				"sender":	true
			}
		}, {
			"streams":	[{
					"socket":	5,
					"start":	9.000012,
					"end":	10.000011,
					"seconds":	0.99999898672103882,
					"bytes":	3123609600,
					"bits_per_second":	24988902120.728783,
					"retransmits":	0,
					"snd_cwnd":	1309660,
					"rtt":	31,
					"rttvar":	37,
					"pmtu":	65535,
					"omitted":	false,
					"sender":	true
				}],
			"sum":	{
				"start":	9.000012,
				"end":	10.000011,
				"seconds":	0.99999898672103882,
				"bytes":	3123609600,
				"bits_per_second":	24988902120.728783,
				"retransmits":	0,
				"omitted":	false,
				"sender":	true
			}
		}],
	"end":	{
		"streams":	[{
				"sender":	{
					"socket":	5,
					"start":	0,
					"end":	10.000011,
					"seconds":	10.000011,
					"bytes":	31380275200,
					"bits_per_second":	25104192545.3882,
					"retransmits":	0,
					"max_snd_cwnd":	1309660,
					"max_rtt":	39,
					"min_rtt":	11,
					"mean_rtt":	20,
					"sender":	true
				},
				"receiver":	{
					"socket":	5,
					"start":	0,
					"end":	10.000031,
					"seconds":	10.000011,
					"bytes":	31371845632,
					"bits_per_second":	25097398703.664021,
					"sender":	true
				}
			}],
		"sum_sent":	{
			"start":	0,
			"end":	10.000011,
			"seconds":	10.000011,
			"bytes":	31380275200,
			"bits_per_second":	25104192545.3882,
			"retransmits":	0,
			"sender":	true
		},
		"sum_received":	{
			"start":	0,
			"end":	10.000031,
			"seconds":	10.000031,
			"bytes":	31371845632,
			"bits_per_second":	25097398703.664021,
			"sender":	true
		},
		"cpu_utilization_percent":	{
			"host_total":	58.843413886296844,
			"host_user":	13.1289504703067,
			"host_system":	45.714463415990146,
			"remote_total":	99.975475061947222,
			"remote_user":	22.687767244840664,
			"remote_system":	77.287717815043
		},
		"sender_tcp_congestion":	"cubic",
		"receiver_tcp_congestion":	"cubic"
	},
	"server_output_json":	{
		"start":	{
			"connected":	[{
					"socket":	5,
					"local_host":	"127.0.0.1",
					"local_port":	5201,
					"remote_host":	"127.0.0.1",
					"remote_port":	46238
				}],