{
	"start":	{
		"connected":	[{
				"socket":	5,
				"local_host":	"192.168.7.1",
				"local_port":	36276,
				"remote_host":	"192.168.7.2",
				"remote_port":	5201
			}],
		"version":	"iperf 3.10.1",
		"system_info":	"Linux optiplex 5.4.0-74-generic #83~18.04.1-Ubuntu SMP Tue May 11 16:01:00 UTC 2021 x86_64",
		"timestamp":	{
			"time":	"Sun, 13 Jun 2021 13:38:49 GMT",
			"timesecs":	1623591529
		},
		"connecting_to":	{
			"host":	"192.168.7.2",
			"port":	5201
		},
		"cookie":	"dyz6sa5mn3cciegfojmbfonn2znuxgzbg2bf",
		"tcp_mss_default":	1448,
		"sock_bufsize":	0,
		"sndbuf_actual":	16384,
		"rcvbuf_actual":	131072,
		"test_start":	{
			"protocol":	"TCP",
			"num_streams":	1,
			"blksize":	65536,
			"omit":	0,
			"duration":	10,
			"bytes":	0,
			"blocks":	0,
			"reverse":	0,
			"tos":	0
		}
	},
	"intervals":	[{
			"streams":	[{
					"socket":	5,
					"start":	0,
					"end":	1.000058,
					"seconds":	1.0000580549240112,
					"bytes":	145647080,
					"bits_per_second":	1165108999.6855586,
					"retransmits":	0,
					"snd_cwnd":	176656,
					"snd_wnd":	-1,
					"rtt":	514,
					"rttvar":	103,
					"pmtu":	1500,
					"omitted":	false,
					"sender":	true
				}],
			"sum":	{
				"start":	0,
				"end":	1.000058,
				"seconds":	1.0000580549240112,
				"bytes":	145647080,
				"bits_per_second":	1165108999.6855586,
				"retransmits":	0,
				"omitted":	false,
				"sender":	true
			}
		}, {
			"streams":	[{
					"socket":	5,
					"start":	1.000058,
					"end":	2.00005,
					"seconds":	0.9999920129776,
					"bytes":	143873280,
					"bits_per_second":	1150995433.0263057,
					"retransmits":	0,
					"snd_cwnd":	176656,
					"snd_wnd":	-1,
					"rtt":	517,
					"rttvar":	71,
					"pmtu":	1500,
					"omitted":	false,
					"sender":	true
				}],
			"sum":	{
				"start":	1.000058,
				"end":	2.00005,
				"seconds":	0.9999920129776,
				"bytes":	143873280,
				"bits_per_second":	1150995433.0263057,
				"retransmits":	0,
				"omitted":	false,
				"sender":	true
			}
		}, {
			"streams":	[{
					"socket":	5,
					"start":	2.00005,
					"end":	3.000081,
					"seconds":	1.0000309944152832,
					"bytes":	144785520,
					"bits_per_second":	1158248260.7724047,
					"retransmits":	0,
					"snd_cwnd":	195480,
					"snd_wnd":	-1,
					"rtt":	562,
					"rttvar":	138,
					"pmtu":	1500,
					"omitted":	false,
					"sender":	true
				}],
			"sum":	{
				"start":	2.00005,
				"end":	3.000081,
				"seconds":	1.0000309944152832,
				"bytes":	144785520,
				"bits_per_second":	1158248260.7724047,
				"retransmits":	0,
				"omitted":	false,
				"sender":	true
			}
		}, {
			"streams":	[{
					"socket":	5,
					"start":	3.000081,
					"end":	4.000088,
					"seconds":	1.0000070333480835,
					"bytes":	149607360,
					"bits_per_second":	1196850462.1340959,
					"retransmits":	0,
					"snd_cwnd":	195480,
					"snd_wnd":	-1,
					"rtt":	535,
					"rttvar":	61,
					"pmtu":	1500,
					"omitted":	false,
					"sender":	true
				}],
			"sum":	{
				"start":	3.000081,
				"end":	4.000088,
				"seconds":	1.0000070333480835,
				"bytes":	149607360,
				"bits_per_second":	1196850462.1340959,
				"retransmits":	0,
				"omitted":	false,
				"sender":	true
			}
		}, {
			"streams":	[{
					"socket":	5,
					"start":	4.000088,
					"end":	5.000057,
					"seconds":	0.9999690055847168,
					"bytes":	147848040,
					"bits_per_second":	1182820980.844686,
					"retransmits":	0,
					"snd_cwnd":	195480,
					"snd_wnd":	-1,
					"rtt":	561,
					"rttvar":	95,
					"pmtu":	1500,
					"omitted":	false,
					"sender":	true
				}],
			"sum":	{
				"start":	4.000088,
				"end":	5.000057,
				"seconds":	0.9999690055847168,
				"bytes":	147848040,
				"bits_per_second":	1182820980.844686,
				"retransmits":	0,
				"omitted":	false,
				"sender":	true
			}
		}, {
			"streams":	[{
					"socket":	5,
					"start":	5.000057,
					"end":	6.000081,
					"seconds":	1.0000239610672,
					"bytes":	150324120,
					"bits_per_second":	1202564145.2797029,
					"retransmits":	0,
					"snd_cwnd":	195480,
					"snd_wnd":	-1,
					"rtt":	515,
					"rttvar":	72,
					"pmtu":	1500,
					"omitted":	false,
					"sender":	true
				}],
			"sum":	{
				"start":	5.000057,
				"end":	6.000081,
				"seconds":	1.0000239610672,
				"bytes":	150324120,
				"bits_per_second":	1202564145.2797029,
				"retransmits":	0,
				"omitted":	false,
				"sender":	true
			}
		}, {
			"streams":	[{
					"socket":	5,
					"start":	6.000081,
					"end":	7.000088,
					"seconds":	1.0000070333480835,
					"bytes":	155471760,
					"bits_per_second":	1243765332.1654847,
					"retransmits":	0,
					"snd_cwnd":	195480,
					"snd_wnd":	-1,
					"rtt":	514,
					"rttvar":	94,
					"pmtu":	1500,
					"omitted":	false,
					"sender":	true
				}],
			"sum":	{
				"start":	6.000081,
				"end":	7.000088,
				"seconds":	1.0000070333480835,
				"bytes":	155471760,
				"bits_per_second":	1243765332.1654847,
				"retransmits":	0,
				"omitted":	false,
				"sender":	true
			}
		}, {
			"streams":	[{
					"socket":	5,
					"start":	7.000088,
					"end":	8.000083,
					"seconds":	0.999994993209839,
					"bytes":	155536920,
					"bits_per_second":	1244301589.9569581,
					"retransmits":	0,
					"snd_cwnd":	195480,
					"snd_wnd":	-1,
					"rtt":	557,
					"rttvar":	125,
					"pmtu":	1500,
					"omitted":	false,
					"sender":	true
				}],
			"sum":	{
				"start":	7.000088,
				"end":	8.000083,
				"seconds":	0.999994993209839,
				"bytes":	155536920,
				"bits_per_second":	1244301589.9569581,
				"retransmits":	0,
				"omitted":	false,
				"sender":	true
			}
		}, {
			"streams":	[{
					"socket":	5,
					"start":	8.000083,
					"end":	9.000088,
					"seconds":	1.0000050067901611,
					"bytes":	155536920,
					"bits_per_second":	1244289130.1054258,
					"retransmits":	0,
					"snd_cwnd":	195480,
					"snd_wnd":	-1,
					"rtt":	493,
					"rttvar":	42,
					"pmtu":	1500,
					"omitted":	false,
					"sender":	true
				}],
			"sum":	{
				"start":	8.000083,
				"end":	9.000088,
				"seconds":	1.0000050067901611,
				"bytes":	155536920,
				"bits_per_second":	1244289130.1054258,
				"retransmits":	0,
				"omitted":	false,
				"sender":	true
			}
		}, {
			"streams":	[{
					"socket":	5,
					"start":	9.000088,
					"end":	10.000062,
					"seconds":	0.999974012374878,
					"bytes":	155211120,
					"bits_per_second":	1241721229.3858154,
					"retransmits":	0,
					"snd_cwnd":	195480,
					"snd_wnd":	-1,
					"rtt":	530,
					"rttvar":	87,
					"pmtu":	1500,
					"omitted":	false,
					"sender":	true
				}],
			"sum":	{
				"start":	9.000088,
				"end":	10.000062,
				"seconds":	0.999974012374878,
				"bytes":	155211120,
				"bits_per_second":	1241721229.3858154,
				"retransmits":	0,
				"omitted":	false,
				"sender":	true
			}
		}],
	"end":	{
		"streams":	[{
				"sender":	{
					"socket":	5,
					"start":	0,
					"end":	10.000062,
					"seconds":	10.000062,
					"bytes":	1503842120,
					"bits_per_second":	1203066236.9893308,
					"retransmits":	0,
					"max_snd_cwnd":	195480,
					"max_snd_wnd":	0,
					"max_rtt":	562,
					"min_rtt":	493,
					"mean_rtt":	529,
					"sender":	true
				},
				"receiver":	{
					"socket":	5,
					"start":	0,
					"end":	10.000252,
					"seconds":	10.000062,
					"bytes":	1501364224,
					"bits_per_second":	1201061112.4599659,
					"sender":	true
				}
			}],
		"sum_sent":	{
			"start":	0,
			"end":	10.000062,
			"seconds":	10.000062,
			"bytes":	1503842120,
			"bits_per_second":	1203066236.9893308,
			"retransmits":	0,
			"sender":	true
		},
		"sum_received":	{
			"start":	0,
			"end":	10.000252,
			"seconds":	10.000252,
			"bytes":	1501364224,
			"bits_per_second":	1201061112.4599659,
			"sender":	true
		},
		"cpu_utilization_percent":	{
			"host_total":	2.622378478207855,
			"host_user":	0.22443676263182349,
			"host_system":	2.3979217345599944,
			"remote_total":	99.016393344268621,
			"remote_user":	13.33227140172173,
			"remote_system":	85.6841219425469
		},
		"sender_tcp_congestion":	"cubic",
		"receiver_tcp_congestion":	"cubic"
	},