{
	"start":	{
		"connected":	[{
				"socket":	5,
				"local_host":	"192.168.7.1",
				"local_port":	36284,
				"remote_host":	"192.168.7.2",
				"remote_port":	5201
			}],
		"version":	"iperf 3.10.1",
		"system_info":	"Linux optiplex 5.4.0-74-generic #83~18.04.1-Ubuntu SMP Tue May 11 16:01:00 UTC 2021 x86_64",
		"timestamp":	{
			"time":	"Sun, 13 Jun 2021 13:39:11 GMT",
			"timesecs":	1623591551
		},
		"connecting_to":	{
			"host":	"192.168.7.2",
			"port":	5201
		},
		"cookie":	"25jxskkfspazqwahabuulygus52xtrjto4wg",
		"tcp_mss_default":	1448,
		"sock_bufsize":	0,
		"sndbuf_actual":	16384,
		"rcvbuf_actual":	131072,
		"test_start":	{
			"protocol":	"TCP",
			"num_streams":	1,
			"blksize":	262144,
			"omit":	0,
			"duration":	10,
			"bytes":	0,
			"blocks":	0,
			"reverse":	0,
			"tos":	0
		}
	},
	"intervals":	[{
			"streams":	[{
					"socket":	5,
					"start":	0,
					"end":	1.000084,
					"seconds":	1.0000840425491333,
					"bytes":	300575840,
					"bits_per_second":	2404404647.7042589,
					"retransmits":	0,
					"snd_cwnd":	673320,
					"snd_wnd":	-1,
					"rtt":	897,
					"rttvar":	244,
					"pmtu":	1500,
					"omitted":	false,
					"sender":	true
				}],
			"sum":	{
				"start":	0,
				"end":	1.000084,
				"seconds":	1.0000840425491333,
				"bytes":	300575840,
				"bits_per_second":	2404404647.7042589,
				"retransmits":	0,
				"omitted":	false,
				"sender":	true
			}
		}, {
			"streams":	[{
					"socket":	5,
					"start":	1.000084,
					"end":	2.000089,
					"seconds":	1.0000050067901611,
					"bytes":	304101720,
					"bits_per_second":	2432801579.4729881,
					"retransmits":	0,
					"snd_cwnd":	673320,
					"snd_wnd":	-1,
					"rtt":	868,
					"rttvar":	176,
					"pmtu":	1500,
					"omitted":	false,
					"sender":	true
				}],
			"sum":	{
				"start":	1.000084,
				"end":	2.000089,
				"seconds":	1.0000050067901611,
				"bytes":	304101720,
				"bits_per_second":	2432801579.4729881,
				"retransmits":	0,
				"omitted":	false,
				"sender":	true
			}
		}, {
			"streams":	[{
					"socket":	5,
					"start":	2.000089,
					"end":	3.000061,
					"seconds":	0.99997198581695557,
					"bytes":	311073840,
					"bits_per_second":	2488660437.78904,
					"retransmits":	0,
					"snd_cwnd":	673320,
					"snd_wnd":	-1,
					"rtt":	835,
					"rttvar":	160,
					"pmtu":	1500,
					"omitted":	false,
					"sender":	true
				}],
			"sum":	{
				"start":	2.000089,
				"end":	3.000061,
				"seconds":	0.99997198581695557,
				"bytes":	311073840,
				"bits_per_second":	2488660437.78904,
				"retransmits":	0,
				"omitted":	false,
				"sender":	true
			}
		}, {
			"streams":	[{
					"socket":	5,
					"start":	3.000061,
					"end":	4.000088,
					"seconds":	1.0000269412994385,
					"bytes":	312833160,
					"bits_per_second":	2502597856.7617669,
					"retransmits":	0,
					"snd_cwnd":	673320,
					"snd_wnd":	-1,
					"rtt":	823,
					"rttvar":	105,
					"pmtu":	1500,
					"omitted":	false,
					"sender":	true
				}],
			"sum":	{
				"start":	3.000061,
				"end":	4.000088,
				"seconds":	1.0000269412994385,
				"bytes":	312833160,
				"bits_per_second":	2502597856.7617669,
				"retransmits":	0,
				"omitted":	false,
				"sender":	true
			}
		}, {
			"streams":	[{
					"socket":	5,
					"start":	4.000088,
					"end":	5.000088,
					"seconds":	1,
					"bytes":	304688160,
					"bits_per_second":	2437505280,
					"retransmits":	0,
					"snd_cwnd":	673320,
					"snd_wnd":	-1,
					"rtt":	832,
					"rttvar":	152,
					"pmtu":	1500,
					"omitted":	false,
					"sender":	true
				}],
			"sum":	{
				"start":	4.000088,
				"end":	5.000088,
				"seconds":	1,
				"bytes":	304688160,
				"bits_per_second":	2437505280,
				"retransmits":	0,
				"omitted":	false,
				"sender":	true
			}
		}, {
			"streams":	[{
					"socket":	5,
					"start":	5.000088,
					"end":	6.000062,
					"seconds":	0.999974012374878,
					"bytes":	295891560,
					"bits_per_second":	2367193997.7502046,
					"retransmits":	0,
					"snd_cwnd":	673320,
					"snd_wnd":	-1,
					"rtt":	877,
					"rttvar":	180,
					"pmtu":	1500,
					"omitted":	false,
					"sender":	true
				}],
			"sum":	{
				"start":	5.000088,
				"end":	6.000062,
				"seconds":	0.999974012374878,
				"bytes":	295891560,
				"bits_per_second":	2367193997.7502046,
				"retransmits":	0,
				"omitted":	false,
				"sender":	true
			}
		}, {
			"streams":	[{
					"socket":	5,
					"start":	6.000062,
					"end":	7.000061,
					"seconds":	0.99999898672103882,
					"bytes":	298367640,
					"bits_per_second":	2386943538.63967,
					"retransmits":	0,
					"snd_cwnd":	673320,
					"snd_wnd":	-1,
					"rtt":	936,
					"rttvar":	158,
					"pmtu":	1500,
					"omitted":	false,
					"sender":	true
				}],
			"sum":	{
				"start":	6.000062,
				"end":	7.000061,
				"seconds":	0.99999898672103882,
				"bytes":	298367640,
				"bits_per_second":	2386943538.63967,
				"retransmits":	0,
				"omitted":	false,
				"sender":	true
			}
		}, {
			"streams":	[{
					"socket":	5,
					"start":	7.000061,
					"end":	8.000087,
					"seconds":	1.0000259876251221,
					"bytes":	299931480,
					"bits_per_second":	2399389485.5655274,
					"retransmits":	0,
					"snd_cwnd":	673320,
					"snd_wnd":	-1,
					"rtt":	868,
					"rttvar":	160,
					"pmtu":	1500,
					"omitted":	false,
					"sender":	true
				}],
			"sum":	{
				"start":	7.000061,
				"end":	8.000087,
				"seconds":	1.0000259876251221,
				"bytes":	299931480,
				"bits_per_second":	2399389485.5655274,
				"retransmits":	0,
				"omitted":	false,
				"sender":	true
			}
		}, {
			"streams":	[{
					"socket":	5,
					"start":	8.000087,
					"end":	9.000083,
					"seconds":	0.9999960064888,
					"bytes":	306317160,
					"bits_per_second":	2450547066.2871552,
					"retransmits":	0,
					"snd_cwnd":	673320,
					"snd_wnd":	-1,
					"rtt":	836,
					"rttvar":	118,
					"pmtu":	1500,
					"omitted":	false,
					"sender":	true
				}],
			"sum":	{
				"start":	8.000087,
				"end":	9.000083,
				"seconds":	0.9999960064888,
				"bytes":	306317160,
				"bits_per_second":	2450547066.2871552,
				"retransmits":	0,
				"omitted":	false,
				"sender":	true
			}
		}, {
			"streams":	[{
					"socket":	5,
					"start":	9.000083,
					"end":	10.000067,
					"seconds":	0.9999840259552002,
					"bytes":	303645600,
					"bits_per_second":	2429203604.2072015,
					"retransmits":	0,
					"snd_cwnd":	673320,
					"snd_wnd":	-1,
					"rtt":	855,
					"rttvar":	133,
					"pmtu":	1500,
					"omitted":	false,
					"sender":	true
				}],
			"sum":	{
				"start":	9.000083,
				"end":	10.000067,
				"seconds":	0.9999840259552002,
				"bytes":	303645600,
				"bits_per_second":	2429203604.2072015,
				"retransmits":	0,
				"omitted":	false,
				"sender":	true
			}
		}],
	"end":	{
		"streams":	[{
				"sender":	{
					"socket":	5,
					"start":	0,
					"end":	10.000067,
					"seconds":	10.000067,
					"bytes":	3037426160,
					"bits_per_second":	2429924647.5048618,
					"retransmits":	0,
					"max_snd_cwnd":	673320,
					"max_snd_wnd":	0,
					"max_rtt":	936,
					"min_rtt":	823,
					"mean_rtt":	862,
					"sender":	true
				},
				"receiver":	{
					"socket":	5,
					"start":	0,
					"end":	10.000898,
					"seconds":	10.000067,
					"bytes":	3030905024,
					"bits_per_second":	2424506298.5343919,
					"sender":	true
				}
			}],
		"sum_sent":	{
			"start":	0,
			"end":	10.000067,
			"seconds":	10.000067,
			"bytes":	3037426160,
			"bits_per_second":	2429924647.5048618,
			"retransmits":	0,
			"sender":	true
		},
		"sum_received":	{
			"start":	0,
			"end":	10.000898,
			"seconds":	10.000898,
			"bytes":	3030905024,
			"bits_per_second":	2424506298.5343919,
			"sender":	true
		},
		"cpu_utilization_percent":	{
			"host_total":	3.9452086193956166,
			"host_user":	0.18335273748252678,
			"host_system":	3.7618458986430543,
			"remote_total":	98.781191248397832,
			"remote_user":	7.6763744156648075,
			"remote_system":	91.104796835378679
		},
		"sender_tcp_congestion":	"cubic",
		"receiver_tcp_congestion":	"cubic"
	},