{
	"start":	{
		"connected":	[{
				"socket":	5,
				"local_host":	"192.168.7.1",
				"local_port":	36260,
				"remote_host":	"192.168.7.2",
				"remote_port":	5201
			}],
		"version":	"iperf 3.10.1",
		"system_info":	"Linux optiplex 5.4.0-74-generic #83~18.04.1-Ubuntu SMP Tue May 11 16:01:00 UTC 2021 x86_64",
		"timestamp":	{
			"time":	"Sun, 13 Jun 2021 13:38:05 GMT",
			"timesecs":	1623591485
		},
		"connecting_to":	{
			"host":	"192.168.7.2",
			"port":	5201
		},
		"cookie":	"wuesso3dddhd46pecl3rpajnv47b7ttrctgj",
		"tcp_mss_default":	1448,
		"sock_bufsize":	0,
		"sndbuf_actual":	16384,
		"rcvbuf_actual":	131072,
		"test_start":	{
			"protocol":	"TCP",
			"num_streams":	1,
			"blksize":	4096,
			"omit":	0,
			"duration":	10,
			"bytes":	0,
			"blocks":	0,
			"reverse":	0,
			"tos":	0
		}
	},
	"intervals":	[{
			"streams":	[{
					"socket":	5,
					"start":	0,
					"end":	1.000088,
					"seconds":	1.0000879764556885,
					"bytes":	36945920,
					"bits_per_second":	295541359.31869781,
					"retransmits":	0,
					"snd_cwnd":	173760,
					"snd_wnd":	-1,
					"rtt":	524,
					"rttvar":	108,
					"pmtu":	1500,
					"omitted":	false,
					"sender":	true
				}],
			"sum":	{
				"start":	0,
				"end":	1.000088,
				"seconds":	1.0000879764556885,
				"bytes":	36945920,
				"bits_per_second":	295541359.31869781,
				"retransmits":	0,
				"omitted":	false,
				"sender":	true
			}
		}, {
			"streams":	[{
					"socket":	5,
					"start":	1.000088,
					"end":	2.000087,
					"seconds":	0.99999898672103882,
					"bytes":	35840000,
					"bits_per_second":	286720290.52763814,
					"retransmits":	0,
					"snd_cwnd":	173760,
					"snd_wnd":	-1,
					"rtt":	510,
					"rttvar":	86,
					"pmtu":	1500,
					"omitted":	false,
					"sender":	true
				}],
			"sum":	{
				"start":	1.000088,
				"end":	2.000087,
				"seconds":	0.99999898672103882,
				"bytes":	35840000,
				"bits_per_second":	286720290.52763814,
				"retransmits":	0,
				"omitted":	false,
				"sender":	true
			}
		}, {
			"streams":	[{
					"socket":	5,
					"start":	2.000087,
					"end":	3.000057,
					"seconds":	0.999970018863678,
					"bytes":	35758080,
					"bits_per_second":	286073216.800111,
					"retransmits":	0,
					"snd_cwnd":	173760,
					"snd_wnd":	-1,
					"rtt":	533,
					"rttvar":	128,
					"pmtu":	1500,
					"omitted":	false,
					"sender":	true
				}],
			"sum":	{
				"start":	2.000087,
				"end":	3.000057,
				"seconds":	0.999970018863678,
				"bytes":	35758080,
				"bits_per_second":	286073216.800111,
				"retransmits":	0,
				"omitted":	false,
				"sender":	true
			}
		}, {
			"streams":	[{
					"socket":	5,
					"start":	3.000057,
					"end":	4.00009,
					"seconds":	1.0000330209732056,
					"bytes":	35840000,
					"bits_per_second":	286710532.53918725,
					"retransmits":	0,
					"snd_cwnd":	182448,
					"snd_wnd":	-1,
					"rtt":	532,
					"rttvar":	90,
					"pmtu":	1500,
					"omitted":	false,
					"sender":	true
				}],
			"sum":	{
				"start":	3.000057,
				"end":	4.00009,
				"seconds":	1.0000330209732056,
				"bytes":	35840000,
				"bits_per_second":	286710532.53918725,
				"retransmits":	0,
				"omitted":	false,
				"sender":	true
			}
		}, {
			"streams":	[{
					"socket":	5,
					"start":	4.00009,
					"end":	5.000087,
					"seconds":	0.99999701976776123,
					"bytes":	35799040,
					"bits_per_second":	286393173.51816869,
					"retransmits":	0,
					"snd_cwnd":	182448,
					"snd_wnd":	-1,
					"rtt":	499,
					"rttvar":	53,
					"pmtu":	1500,
					"omitted":	false,
					"sender":	true
				}],
			"sum":	{
				"start":	4.00009,
				"end":	5.000087,
				"seconds":	0.99999701976776123,
				"bytes":	35799040,
				"bits_per_second":	286393173.51816869,
				"retransmits":	0,
				"omitted":	false,
				"sender":	true
			}
		}, {
			"streams":	[{
					"socket":	5,
					"start":	5.000087,
					"end":	6.000057,
					"seconds":	0.999970018863678,
					"bytes":	35102720,
					"bits_per_second":	280830179.60789818,
					"retransmits":	0,
					"snd_cwnd":	182448,
					"snd_wnd":	-1,
					"rtt":	576,
					"rttvar":	141,
					"pmtu":	1500,
					"omitted":	false,
					"sender":	true
				}],
			"sum":	{
				"start":	5.000087,
				"end":	6.000057,
				"seconds":	0.999970018863678,
				"bytes":	35102720,
				"bits_per_second":	280830179.60789818,
				"retransmits":	0,
				"omitted":	false,
				"sender":	true
			}
		}, {
			"streams":	[{
					"socket":	5,
					"start":	6.000057,
					"end":	7.000056,
					"seconds":	0.99999898672103882,
					"bytes":	35512320,
					"bits_per_second":	284098847.87138546,
					"retransmits":	0,
					"snd_cwnd":	182448,
					"snd_wnd":	-1,
					"rtt":	534,
					"rttvar":	110,
					"pmtu":	1500,
					"omitted":	false,
					"sender":	true
				}],
			"sum":	{
				"start":	6.000057,
				"end":	7.000056,
				"seconds":	0.99999898672103882,
				"bytes":	35512320,
				"bits_per_second":	284098847.87138546,
				"retransmits":	0,
				"omitted":	false,
				"sender":	true
			}
		}, {
			"streams":	[{
					"socket":	5,
					"start":	7.000056,
					"end":	8.000059,
					"seconds":	1.0000029802322388,
					"bytes":	35266560,
					"bits_per_second":	282131639.18219334,
					"retransmits":	0,
					"snd_cwnd":	182448,
					"snd_wnd":	-1,
					"rtt":	581,
					"rttvar":	124,
					"pmtu":	1500,
					"omitted":	false,
					"sender":	true
				}],
			"sum":	{
				"start":	7.000056,
				"end":	8.000059,
				"seconds":	1.0000029802322388,
				"bytes":	35266560,
				"bits_per_second":	282131639.18219334,
				"retransmits":	0,
				"omitted":	false,
				"sender":	true
			}
		}, {
			"streams":	[{
					"socket":	5,
					"start":	8.000059,
					"end":	9.000059,
					"seconds":	1,
					"bytes":	35389440,
					"bits_per_second":	283115520,
					"retransmits":	0,
					"snd_cwnd":	182448,
					"snd_wnd":	-1,
					"rtt":	508,
					"rttvar":	44,
					"pmtu":	1500,
					"omitted":	false,
					"sender":	true
				}],
			"sum":	{
				"start":	8.000059,
				"end":	9.000059,
				"seconds":	1,
				"bytes":	35389440,
				"bits_per_second":	283115520,
				"retransmits":	0,
				"omitted":	false,
				"sender":	true
			}
		}, {
			"streams":	[{
					"socket":	5,
					"start":	9.000059,
					"end":	10.000065,
					"seconds":	1.0000059604644775,
					"bytes":	35225600,
					"bits_per_second":	281803120.32251167,
					"retransmits":	0,
					"snd_cwnd":	182448,
					"snd_wnd":	-1,
					"rtt":	530,
					"rttvar":	90,
					"pmtu":	1500,
					"omitted":	false,
					"sender":	true
				}],
			"sum":	{
				"start":	9.000059,
				"end":	10.000065,
				"seconds":	1.0000059604644775,
				"bytes":	35225600,
				"bits_per_second":	281803120.32251167,
				"retransmits":	0,
				"omitted":	false,
				"sender":	true
			}
		}],
	"end":	{
		"streams":	[{
				"sender":	{
					"socket":	5,
					"start":	0,
					"end":	10.000065,
					"seconds":	10.000065,
					"bytes":	356679680,
					"bits_per_second":	285341889.27771974,
					"retransmits":	0,
					"max_snd_cwnd":	182448,
					"max_snd_wnd":	0,
					"max_rtt":	581,
					"min_rtt":	499,
					"mean_rtt":	532,
					"sender":	true
				},
				"receiver":	{
					"socket":	5,
					"start":	0,
					"end":	10.000188,
					"seconds":	10.000065,
					"bytes":	354922496,
					"bits_per_second":	283932658.86601335,
					"sender":	true
				}
			}],
		"sum_sent":	{
			"start":	0,
			"end":	10.000065,
			"seconds":	10.000065,
			"bytes":	356679680,
			"bits_per_second":	285341889.27771974,
			"retransmits":	0,
			"sender":	true
		},
		"sum_received":	{
			"start":	0,
			"end":	10.000188,
			"seconds":	10.000188,
			"bytes":	354922496,
			"bits_per_second":	283932658.86601335,
			"sender":	true
		},
		"cpu_utilization_percent":	{
			"host_total":	1.9654639716562488,
			"host_user":	0.533948264600696,
			"host_system":	1.4315057153217143,
			"remote_total":	99.7790072374355,
			"remote_user":	26.171478624667277,
			"remote_system":	73.607498615108028
		},
		"sender_tcp_congestion":	"cubic",
		"receiver_tcp_congestion":	"cubic"
	},