{
	"start":	{
		"connected":	[{
				"socket":	5,
				"local_host":	"192.168.7.1",
				"local_port":	36264,
				"remote_host":	"192.168.7.2",
				"remote_port":	5201
			}],
		"version":	"iperf 3.10.1",
		"system_info":	"Linux optiplex 5.4.0-74-generic #83~18.04.1-Ubuntu SMP Tue May 11 16:01:00 UTC 2021 x86_64",
		"timestamp":	{
			"time":	"Sun, 13 Jun 2021 13:38:16 GMT",
			"timesecs":	1623591496
		},
		"connecting_to":	{
			"host":	"192.168.7.2",
			"port":	5201
		},
		"cookie":	"kyhk7zgizdfn6owqyekkrebrnhlo7skkrdmt",
		"tcp_mss_default":	1448,
		"sock_bufsize":	0,
		"sndbuf_actual":	16384,
		"rcvbuf_actual":	131072,
		"test_start":	{
			"protocol":	"TCP",
			"num_streams":	1,
			"blksize":	8192,
			"omit":	0,
			"duration":	10,
			"bytes":	0,
			"blocks":	0,
			"reverse":	0,
			"tos":	0
		}
	},
	"intervals":	[{
			"streams":	[{
					"socket":	5,
					"start":	0,
					"end":	1.00006,
					"seconds":	1.000059962272644,
					"bytes":	58785792,
					"bits_per_second":	470258138.253301,
					"retransmits":	0,
					"snd_cwnd":	178104,
					"snd_wnd":	-1,
					"rtt":	520,
					"rttvar":	101,
					"pmtu":	1500,
					"omitted":	false,
					"sender":	true
				}],
			"sum":	{
				"start":	0,
				"end":	1.00006,
				"seconds":	1.000059962272644,
				"bytes":	58785792,
				"bits_per_second":	470258138.253301,
				"retransmits":	0,
				"omitted":	false,
				"sender":	true
			}
		}, {
			"streams":	[{
					"socket":	5,
					"start":	1.00006,
					"end":	2.000061,
					"seconds":	1.0000009536743164,
					"bytes":	58245120,
					"bits_per_second":	465960515.62542379,
					"retransmits":	0,
					"snd_cwnd":	178104,
					"snd_wnd":	-1,
					"rtt":	549,
					"rttvar":	124,
					"pmtu":	1500,
					"omitted":	false,
					"sender":	true
				}],
			"sum":	{
				"start":	1.00006,
				"end":	2.000061,
				"seconds":	1.0000009536743164,
				"bytes":	58245120,
				"bits_per_second":	465960515.62542379,
				"retransmits":	0,
				"omitted":	false,
				"sender":	true
			}
		}, {
			"streams":	[{
					"socket":	5,
					"start":	2.000061,
					"end":	3.000091,
					"seconds":	1.0000300407409668,
					"bytes":	59064320,
					"bits_per_second":	472500365.73890615,
					"retransmits":	0,
					"snd_cwnd":	178104,
					"snd_wnd":	-1,
					"rtt":	508,
					"rttvar":	53,
					"pmtu":	1500,
					"omitted":	false,
					"sender":	true
				}],
			"sum":	{
				"start":	2.000061,
				"end":	3.000091,
				"seconds":	1.0000300407409668,
				"bytes":	59064320,
				"bits_per_second":	472500365.73890615,
				"retransmits":	0,
				"omitted":	false,
				"sender":	true
			}
		}, {
			"streams":	[{
					"socket":	5,
					"start":	3.000091,
					"end":	4.000059,
					"seconds":	0.99996799230575562,
					"bytes":	59719680,
					"bits_per_second":	477772732.40353709,
					"retransmits":	0,
					"snd_cwnd":	178104,
					"snd_wnd":	-1,
					"rtt":	485,
					"rttvar":	49,
					"pmtu":	1500,
					"omitted":	false,
					"sender":	true
				}],
			"sum":	{
				"start":	3.000091,
				"end":	4.000059,
				"seconds":	0.99996799230575562,
				"bytes":	59719680,
				"bits_per_second":	477772732.40353709,
				"retransmits":	0,
				"omitted":	false,
				"sender":	true
			}
		}, {
			"streams":	[{
					"socket":	5,
					"start":	4.000059,
					"end":	5.000059,
					"seconds":	1,
					"bytes":	58982400,
					"bits_per_second":	471859200,
					"retransmits":	0,
					"snd_cwnd":	178104,
					"snd_wnd":	-1,
					"rtt":	488,
					"rttvar":	51,
					"pmtu":	1500,
					"omitted":	false,
					"sender":	true
				}],
			"sum":	{
				"start":	4.000059,
				"end":	5.000059,
				"seconds":	1,
				"bytes":	58982400,
				"bits_per_second":	471859200,
				"retransmits":	0,
				"omitted":	false,
				"sender":	true
			}
		}, {
			"streams":	[{
					"socket":	5,
					"start":	5.000059,
					"end":	6.000057,
					"seconds":	0.99999797344207764,
					"bytes":	59555840,
					"bits_per_second":	476447685.54883176,
					"retransmits":	0,
					"snd_cwnd":	178104,
					"snd_wnd":	-1,
					"rtt":	533,
					"rttvar":	90,
					"pmtu":	1500,
					"omitted":	false,
					"sender":	true
				}],
			"sum":	{
				"start":	5.000059,
				"end":	6.000057,
				"seconds":	0.99999797344207764,
				"bytes":	59555840,
				"bits_per_second":	476447685.54883176,
				"retransmits":	0,
				"omitted":	false,
				"sender":	true
			}
		}, {
			"streams":	[{
					"socket":	5,
					"start":	6.000057,
					"end":	7.000059,
					"seconds":	1.0000020265579224,
					"bytes":	58736640,
					"bits_per_second":	469892167.73630482,
					"retransmits":	0,
					"snd_cwnd":	178104,
					"snd_wnd":	-1,
					"rtt":	549,
					"rttvar":	99,
					"pmtu":	1500,
					"omitted":	false,
					"sender":	true
				}],
			"sum":	{
				"start":	6.000057,
				"end":	7.000059,
				"seconds":	1.0000020265579224,
				"bytes":	58736640,
				"bits_per_second":	469892167.73630482,
				"retransmits":	0,
				"omitted":	false,
				"sender":	true
			}
		}, {
			"streams":	[{
					"socket":	5,
					"start":	7.000059,
					"end":	8.000087,
					"seconds":	1.0000280141830444,
					"bytes":	58982400,
					"bits_per_second":	471845981.620302,
					"retransmits":	0,
					"snd_cwnd":	178104,
					"snd_wnd":	-1,
					"rtt":	502,
					"rttvar":	64,
					"pmtu":	1500,
					"omitted":	false,
					"sender":	true
				}],
			"sum":	{
				"start":	7.000059,
				"end":	8.000087,
				"seconds":	1.0000280141830444,
				"bytes":	58982400,
				"bits_per_second":	471845981.620302,
				"retransmits":	0,
				"omitted":	false,
				"sender":	true
			}
		}, {
			"streams":	[{
					"socket":	5,
					"start":	8.000087,
					"end":	9.000088,
					"seconds":	1.0000009536743164,
					"bytes":	59064320,
					"bits_per_second":	472514109.37542975,
					"retransmits":	0,
					"snd_cwnd":	178104,
					"snd_wnd":	-1,
					"rtt":	522,
					"rttvar":	80,
					"pmtu":	1500,
					"omitted":	false,
					"sender":	true
				}],
			"sum":	{
				"start":	8.000087,
				"end":	9.000088,
				"seconds":	1.0000009536743164,
				"bytes":	59064320,
				"bits_per_second":	472514109.37542975,
				"retransmits":	0,
				"omitted":	false,
				"sender":	true
			}
		}, {
			"streams":	[{
					"socket":	5,
					"start":	9.000088,
					"end":	10.000099,
					"seconds":	1.0000109672546387,
					"bytes":	59064320,
					"bits_per_second":	472509377.86933374,
					"retransmits":	0,
					"snd_cwnd":	178104,
					"snd_wnd":	-1,
					"rtt":	517,
					"rttvar":	70,
					"pmtu":	1500,
					"omitted":	false,
					"sender":	true
				}],
			"sum":	{
				"start":	9.000088,
				"end":	10.000099,
				"seconds":	1.0000109672546387,
				"bytes":	59064320,
				"bits_per_second":	472509377.86933374,
				"retransmits":	0,
				"omitted":	false,
				"sender":	true
			}
		}],
	"end":	{
		"streams":	[{
				"sender":	{
					"socket":	5,
					"start":	0,
					"end":	10.000099,
					"seconds":	10.000099,
					"bytes":	590200832,
					"bits_per_second":	472155991.25568652,
					"retransmits":	0,
					"max_snd_cwnd":	178104,
					"max_snd_wnd":	0,
					"max_rtt":	549,
					"min_rtt":	485,
					"mean_rtt":	517,
					"sender":	true
				},
				"receiver":	{
					"socket":	5,
					"start":	0,
					"end":	10.000143,
					"seconds":	10.000099,
					"bytes":	588587008,
					"bits_per_second":	470862873.06091523,
					"sender":	true
				}
			}],
		"sum_sent":	{
			"start":	0,
			"end":	10.000099,
			"seconds":	10.000099,
			"bytes":	590200832,
			"bits_per_second":	472155991.25568652,
			"retransmits":	0,
			"sender":	true
		},
		"sum_received":	{
			"start":	0,
			"end":	10.000143,
			"seconds":	10.000143,
			"bytes":	588587008,
			"bits_per_second":	470862873.06091523,
			"sender":	true
		},
		"cpu_utilization_percent":	{
			"host_total":	2.4730244488942716,
			"host_user":	0.69678139747532142,
			"host_system":	1.7762230691592007,
			"remote_total":	99.617716906135627,
			"remote_user":	25.590190083676735,
			"remote_system":	74.026376963546568
		},
		"sender_tcp_congestion":	"cubic",
		"receiver_tcp_congestion":	"cubic"
	},
	"server_output_json":	{
		"start":	{
			"connected":	[{
					"socket":	5,