{
  "fio version" : "fio-3.26",
  "timestamp" : 1623499881,
  "timestamp_ms" : 1623499881157,
  "time" : "Sat Jun 12 21:11:21 2021",
  "global options" : {
    "filename" : "./fio_data.bin",
    "direct" : "1",
    "rw" : "write",
    "bs" : "256k",
    "size" : "2G",
    "numjobs" : "64",
    "runtime" : "10"
  },
  "jobs" : [
    {
      "jobname" : "kvm-write-256k",
      "groupid" : 0,
      "error" : 0,
      "eta" : 0,
      "elapsed" : 11,
      "job options" : {
        "name" : "kvm-write-256k"
      },
      "read" : {
        "io_bytes" : 0,
        "io_kbytes" : 0,
        "bw_bytes" : 0,
        "bw" : 0,
        "iops" : 0.000000,
        "runtime" : 0,
        "total_ios" : 0,
        "short_ios" : 0,
        "drop_ios" : 0,
        "slat_ns" : {
          "min" : 0,
          "max" : 0,
          "mean" : 0.000000,
          "stddev" : 0.000000,
          "N" : 0
        },
        "clat_ns" : {
          "min" : 0,
          "max" : 0,
          "mean" : 0.000000,
          "stddev" : 0.000000,
          "N" : 0
        },
        "lat_ns" : {
          "min" : 0,
          "max" : 0,
          "mean" : 0.000000,
          "stddev" : 0.000000,
          "N" : 0
        },
        "bw_min" : 0,
        "bw_max" : 0,
        "bw_agg" : 0.000000,
        "bw_mean" : 0.000000,
        "bw_dev" : 0.000000,
        "bw_samples" : 0,
        "iops_min" : 0,
        "iops_max" : 0,
        "iops_mean" : 0.000000,
        "iops_stddev" : 0.000000,
        "iops_samples" : 0
      },
      "write" : {
        "io_bytes" : 38490079232,
        "io_kbytes" : 37587968,
        "bw_bytes" : 3844778666,
        "bw" : 3754666,
        "iops" : 14666.666667,
        "runtime" : 10011,
        "total_ios" : 146828,
        "short_ios" : 0,
        "drop_ios" : 0,
        "slat_ns" : {
          "min" : 0,
          "max" : 0,
          "mean" : 0.000000,
          "stddev" : 0.000000,
          "N" : 0
        },
        "clat_ns" : {
          "min" : 85681,
          "max" : 80095879,
          "mean" : 4353029.521338,
          "stddev" : 8766553.774275,
          "N" : 146828,
          "percentile" : {
            "1.000000" : 168960,
            "5.000000" : 280576,
            "10.000000" : 313344,
            "20.000000" : 382976,
            "30.000000" : 452608,
            "40.000000" : 544768,
            "50.000000" : 700416,
            "60.000000" : 937984,
            "70.000000" : 1351680,
            "80.000000" : 3063808,
            "90.000000" : 15925248,
            "95.000000" : 24248320,
            "99.000000" : 40632320,
            "99.500000" : 46399488,
            "99.900000" : 61079552,
            "99.950000" : 66846720,
            "99.990000" : 71827456
          }
        },
        "lat_ns" : {
          "min" : 89232,
          "max" : 80107122,
          "mean" : 4359003.889442,
          "stddev" : 8767244.659763,
          "N" : 146828
        },
        "bw_min" : 2121988,
        "bw_max" : 6247684,
        "bw_agg" : 99.453809,
        "bw_mean" : 3734159.000000,
        "bw_dev" : 17275.996154,
        "bw_samples" : 1216,
        "iops_min" : 8283,
        "iops_max" : 24400,
        "iops_mean" : 14580.210526,
        "iops_stddev" : 67.483546,
        "iops_samples" : 1216
      },
      "trim" : {
        "io_bytes" : 0,
        "io_kbytes" : 0,
        "bw_bytes" : 0,
        "bw" : 0,
        "iops" : 0.000000,
        "runtime" : 0,
        "total_ios" : 0,
        "short_ios" : 0,
        "drop_ios" : 0,
        "slat_ns" : {
          "min" : 0,
          "max" : 0,
          "mean" : 0.000000,
          "stddev" : 0.000000,
          "N" : 0
        },
        "clat_ns" : {
          "min" : 0,
          "max" : 0,
          "mean" : 0.000000,
          "stddev" : 0.000000,
          "N" : 0
        },
        "lat_ns" : {
          "min" : 0,
          "max" : 0,
          "mean" : 0.000000,
          "stddev" : 0.000000,
          "N" : 0
        },
        "bw_min" : 0,
        "bw_max" : 0,
        "bw_agg" : 0.000000,
        "bw_mean" : 0.000000,
        "bw_dev" : 0.000000,
        "bw_samples" : 0,
        "iops_min" : 0,
        "iops_max" : 0,
        "iops_mean" : 0.000000,
        "iops_stddev" : 0.000000,
        "iops_samples" : 0
      },
      "sync" : {
        "total_ios" : 0,
        "lat_ns" : {
          "min" : 0,
          "max" : 0,
          "mean" : 0.000000,
          "stddev" : 0.000000,
          "N" : 0
        }
      },
      "job_runtime" : 640204,
      "usr_cpu" : 0.218055,
      "sys_cpu" : 0.334268,
      "ctx" : 148420,
      "majf" : 0,
      "minf" : 832,
      "iodepth_level" : {
        "1" : 100.000000,
        "2" : 0.000000,
        "4" : 0.000000,
        "8" : 0.000000,
        "16" : 0.000000,
        "32" : 0.000000,
        ">=64" : 0.000000
      },
      "iodepth_submit" : {
        "0" : 0.000000,
        "4" : 100.000000,
        "8" : 0.000000,
        "16" : 0.000000,
        "32" : 0.000000,
        "64" : 0.000000,
        ">=64" : 0.000000
      },
      "iodepth_complete" : {
        "0" : 0.000000,
        "4" : 100.000000,
        "8" : 0.000000,
        "16" : 0.000000,
        "32" : 0.000000,
        "64" : 0.000000,
        ">=64" : 0.000000
      },
      "latency_ns" : {
        "2" : 0.000000,
        "4" : 0.000000,
        "10" : 0.000000,
        "20" : 0.000000,
        "50" : 0.000000,
        "100" : 0.000000,
        "250" : 0.000000,
        "500" : 0.000000,
        "750" : 0.000000,
        "1000" : 0.000000
      },
      "latency_us" : {
        "2" : 0.000000,
        "4" : 0.000000,
        "10" : 0.000000,
        "20" : 0.000000,
        "50" : 0.000000,
        "100" : 0.030648,
        "250" : 3.324979,
        "500" : 32.118533,
        "750" : 17.407443,
        "1000" : 9.047321
      },
      "latency_ms" : {
        "2" : 15.134715,
        "4" : 3.439398,
        "10" : 4.040101,
        "20" : 7.911979,
        "50" : 7.225461,
        "100" : 0.319421,
        "250" : 0.000000,
        "500" : 0.000000,
        "750" : 0.000000,
        "1000" : 0.000000,
        "2000" : 0.000000,
        ">=2000" : 0.000000
      },
      "latency_depth" : 1,
      "latency_target" : 0,
      "latency_percentile" : 100.000000,
      "latency_window" : 0
    }
  ],
  "disk_util" : [
    {
      "name" : "vda",
      "read_ios" : 0,
      "write_ios" : 146374,
      "read_merges" : 0,
      "write_merges" : 82,
      "read_ticks" : 0,
      "write_ticks" : 625417,
      "in_queue" : 625417,
      "util" : 99.010195
    }
  ]
}
