{
  "fio version" : "fio-3.26",
  "timestamp" : 1623499748,
  "timestamp_ms" : 1623499748714,
  "time" : "Sat Jun 12 21:09:08 2021",
  "global options" : {
    "filename" : "./fio_data.bin",
    "direct" : "1",
    "rw" : "read",
    "bs" : "16k",
    "size" : "2G",
    "numjobs" : "64",
    "runtime" : "10"
  },
  "jobs" : [
    {
      "jobname" : "kvm-read-16k",
      "groupid" : 0,
      "error" : 0,
      "eta" : 0,
      "elapsed" : 11,
      "job options" : {
        "name" : "kvm-read-16k"
      },
      "read" : {
        "io_bytes" : 20704772096,
        "io_kbytes" : 20219504,
        "bw_bytes" : 2070063196,
        "bw" : 2021546,
        "iops" : 126346.630674,
        "runtime" : 10002,
        "total_ios" : 1263719,
        "short_ios" : 0,
        "drop_ios" : 0,
        "slat_ns" : {
          "min" : 0,
          "max" : 0,
          "mean" : 0.000000,
          "stddev" : 0.000000,
          "N" : 0
        },
        "clat_ns" : {
          "min" : 20159,
          "max" : 47353875,
          "mean" : 505033.018340,
          "stddev" : 255291.832646,
          "N" : 1263719,
          "percentile" : {
            "1.000000" : 105984,
            "5.000000" : 276480,
            "10.000000" : 313344,
            "20.000000" : 358400,
            "30.000000" : 403456,
            "40.000000" : 444416,
            "50.000000" : 485376,
            "60.000000" : 522240,
            "70.000000" : 569344,
            "80.000000" : 618496,
            "90.000000" : 708608,
            "95.000000" : 806912,
            "99.000000" : 1122304,
            "99.500000" : 1269760,
            "99.900000" : 1843200,
            "99.950000" : 2408448,
            "99.990000" : 5210112
          }
        },
        "lat_ns" : {
          "min" : 20283,
          "max" : 47354058,
          "mean" : 505184.803905,
          "stddev" : 255461.979174,
          "N" : 1263719
        },
        "bw_min" : 1816595,
        "bw_max" : 2398927,
        "bw_agg" : 99.791690,
        "bw_mean" : 2017335.107895,
        "bw_dev" : 2475.655957,
        "bw_samples" : 1220,
        "iops_min" : 113535,
        "iops_max" : 149932,
        "iops_mean" : 126081.131579,
        "iops_stddev" : 154.737639,
        "iops_samples" : 1220
      },
      "write" : {
        "io_bytes" : 0,
        "io_kbytes" : 0,
        "bw_bytes" : 0,
        "bw" : 0,
        "iops" : 0.000000,
        "runtime" : 0,
        "total_ios" : 0,
        "short_ios" : 0,
        "drop_ios" : 0,
        "slat_ns" : {
          "min" : 0,
          "max" : 0,
          "mean" : 0.000000,
          "stddev" : 0.000000,
          "N" : 0
        },
        "clat_ns" : {
          "min" : 0,
          "max" : 0,
          "mean" : 0.000000,
          "stddev" : 0.000000,
          "N" : 0
        },
        "lat_ns" : {
          "min" : 0,
          "max" : 0,
          "mean" : 0.000000,
          "stddev" : 0.000000,
          "N" : 0
        },
        "bw_min" : 0,
        "bw_max" : 0,
        "bw_agg" : 0.000000,
        "bw_mean" : 0.000000,
        "bw_dev" : 0.000000,
        "bw_samples" : 0,
        "iops_min" : 0,
        "iops_max" : 0,
        "iops_mean" : 0.000000,
        "iops_stddev" : 0.000000,
        "iops_samples" : 0
      },
      "trim" : {
        "io_bytes" : 0,
        "io_kbytes" : 0,
        "bw_bytes" : 0,
        "bw" : 0,
        "iops" : 0.000000,
        "runtime" : 0,
        "total_ios" : 0,
        "short_ios" : 0,
        "drop_ios" : 0,
        "slat_ns" : {
          "min" : 0,
          "max" : 0,
          "mean" : 0.000000,
          "stddev" : 0.000000,
          "N" : 0
        },
        "clat_ns" : {
          "min" : 0,
          "max" : 0,
          "mean" : 0.000000,
          "stddev" : 0.000000,
          "N" : 0
        },
        "lat_ns" : {
          "min" : 0,
          "max" : 0,
          "mean" : 0.000000,
          "stddev" : 0.000000,
          "N" : 0
        },
        "bw_min" : 0,
        "bw_max" : 0,
        "bw_agg" : 0.000000,
        "bw_mean" : 0.000000,
        "bw_dev" : 0.000000,
        "bw_samples" : 0,
        "iops_min" : 0,
        "iops_max" : 0,
        "iops_mean" : 0.000000,
        "iops_stddev" : 0.000000,
        "iops_samples" : 0
      },
      "sync" : {
        "total_ios" : 0,
        "lat_ns" : {
          "min" : 0,
          "max" : 0,
          "mean" : 0.000000,
          "stddev" : 0.000000,
          "N" : 0
        }
      },
      "job_runtime" : 640003,
      "usr_cpu" : 0.329061,
      "sys_cpu" : 2.163740,
      "ctx" : 1270422,
      "majf" : 0,
      "minf" : 1034,
      "iodepth_level" : {
        "1" : 100.000000,
        "2" : 0.000000,
        "4" : 0.000000,
        "8" : 0.000000,
        "16" : 0.000000,
        "32" : 0.000000,
        ">=64" : 0.000000
      },
      "iodepth_submit" : {
        "0" : 0.000000,
        "4" : 100.000000,
        "8" : 0.000000,
        "16" : 0.000000,
        "32" : 0.000000,
        "64" : 0.000000,
        ">=64" : 0.000000
      },
      "iodepth_complete" : {
        "0" : 0.000000,
        "4" : 100.000000,
        "8" : 0.000000,
        "16" : 0.000000,
        "32" : 0.000000,
        "64" : 0.000000,
        ">=64" : 0.000000
      },
      "latency_ns" : {
        "2" : 0.000000,
        "4" : 0.000000,
        "10" : 0.000000,
        "20" : 0.000000,
        "50" : 0.000000,
        "100" : 0.000000,
        "250" : 0.000000,
        "500" : 0.000000,
        "750" : 0.000000,
        "1000" : 0.000000
      },
      "latency_us" : {
        "2" : 0.000000,
        "4" : 0.000000,
        "10" : 0.000000,
        "20" : 0.000000,
        "50" : 0.329741,
        "100" : 0.647058,
        "250" : 1.964677,
        "500" : 51.173481,
        "750" : 38.618079,
        "1000" : 5.412675
      },
      "latency_ms" : {
        "2" : 1.774445,
        "4" : 0.063780,
        "10" : 0.012898,
        "20" : 0.010000,
        "50" : 0.010000,
        "100" : 0.000000,
        "250" : 0.000000,
        "500" : 0.000000,
        "750" : 0.000000,
        "1000" : 0.000000,
        "2000" : 0.000000,
        ">=2000" : 0.000000
      },
      "latency_depth" : 1,
      "latency_target" : 0,
      "latency_percentile" : 100.000000,
      "latency_window" : 0
    }
  ],
  "disk_util" : [
    {
      "name" : "vda",
      "read_ios" : 1262902,
      "write_ios" : 0,
      "read_merges" : 75,
      "write_merges" : 0,
      "read_ticks" : 54062,
      "write_ticks" : 0,
      "in_queue" : 54062,
      "util" : 99.089920
    }
  ]
}
