{
  "fio version" : "fio-3.26",
  "timestamp" : 1623499829,
  "timestamp_ms" : 1623499829225,
  "time" : "Sat Jun 12 21:10:29 2021",
  "global options" : {
    "filename" : "./fio_data.bin",
    "direct" : "1",
    "rw" : "write",
    "bs" : "8k",
    "size" : "2G",
    "numjobs" : "64",
    "runtime" : "10"
  },
  "jobs" : [
    {
      "jobname" : "kvm-write-8k",
      "groupid" : 0,
      "error" : 0,
      "eta" : 0,
      "elapsed" : 11,
      "job options" : {
        "name" : "kvm-write-8k"
      },
      "read" : {
        "io_bytes" : 0,
        "io_kbytes" : 0,
        "bw_bytes" : 0,
        "bw" : 0,
        "iops" : 0.000000,
        "runtime" : 0,
        "total_ios" : 0,
        "short_ios" : 0,
        "drop_ios" : 0,
        "slat_ns" : {
          "min" : 0,
          "max" : 0,
          "mean" : 0.000000,
          "stddev" : 0.000000,
          "N" : 0
        },
        "clat_ns" : {
          "min" : 0,
          "max" : 0,
          "mean" : 0.000000,
          "stddev" : 0.000000,
          "N" : 0
        },
        "lat_ns" : {
          "min" : 0,
          "max" : 0,
          "mean" : 0.000000,
          "stddev" : 0.000000,
          "N" : 0
        },
        "bw_min" : 0,
        "bw_max" : 0,
        "bw_agg" : 0.000000,
        "bw_mean" : 0.000000,
        "bw_dev" : 0.000000,
        "bw_samples" : 0,
        "iops_min" : 0,
        "iops_max" : 0,
        "iops_mean" : 0.000000,
        "iops_stddev" : 0.000000,
        "iops_samples" : 0
      },
      "write" : {
        "io_bytes" : 9270403072,
        "io_kbytes" : 9053128,
        "bw_bytes" : 926762278,
        "bw" : 905041,
        "iops" : 113130.160952,
        "runtime" : 10003,
        "total_ios" : 1131641,
        "short_ios" : 0,
        "drop_ios" : 0,
        "slat_ns" : {
          "min" : 0,
          "max" : 0,
          "mean" : 0.000000,
          "stddev" : 0.000000,
          "N" : 0
        },
        "clat_ns" : {
          "min" : 20564,
          "max" : 18763904,
          "mean" : 563818.465994,
          "stddev" : 377412.235335,
          "N" : 1131641,
          "percentile" : {
            "1.000000" : 52992,
            "5.000000" : 136192,
            "10.000000" : 254976,
            "20.000000" : 342016,
            "30.000000" : 403456,
            "40.000000" : 452608,
            "50.000000" : 501760,
            "60.000000" : 552960,
            "70.000000" : 610304,
            "80.000000" : 708608,
            "90.000000" : 921600,
            "95.000000" : 1171456,
            "99.000000" : 1875968,
            "99.500000" : 2277376,
            "99.900000" : 3915776,
            "99.950000" : 5013504,
            "99.990000" : 8454144
          }
        },
        "lat_ns" : {
          "min" : 20716,
          "max" : 18764928,
          "mean" : 564142.776576,
          "stddev" : 377632.267629,
          "N" : 1131641
        },
        "bw_min" : 778464,
        "bw_max" : 1137200,
        "bw_agg" : 100.000000,
        "bw_mean" : 908548.894737,
        "bw_dev" : 1356.591113,
        "bw_samples" : 1216,
        "iops_min" : 97308,
        "iops_max" : 142150,
        "iops_mean" : 113568.421053,
        "iops_stddev" : 169.576817,
        "iops_samples" : 1216
      },
      "trim" : {
        "io_bytes" : 0,
        "io_kbytes" : 0,
        "bw_bytes" : 0,
        "bw" : 0,
        "iops" : 0.000000,
        "runtime" : 0,
        "total_ios" : 0,
        "short_ios" : 0,
        "drop_ios" : 0,
        "slat_ns" : {
          "min" : 0,
          "max" : 0,
          "mean" : 0.000000,
          "stddev" : 0.000000,
          "N" : 0
        },
        "clat_ns" : {
          "min" : 0,
          "max" : 0,
          "mean" : 0.000000,
          "stddev" : 0.000000,
          "N" : 0
        },
        "lat_ns" : {
          "min" : 0,
          "max" : 0,
          "mean" : 0.000000,
          "stddev" : 0.000000,
          "N" : 0
        },
        "bw_min" : 0,
        "bw_max" : 0,
        "bw_agg" : 0.000000,
        "bw_mean" : 0.000000,
        "bw_dev" : 0.000000,
        "bw_samples" : 0,
        "iops_min" : 0,
        "iops_max" : 0,
        "iops_mean" : 0.000000,
        "iops_stddev" : 0.000000,
        "iops_samples" : 0
      },
      "sync" : {
        "total_ios" : 0,
        "lat_ns" : {
          "min" : 0,
          "max" : 0,
          "mean" : 0.000000,
          "stddev" : 0.000000,
          "N" : 0
        }
      },
      "job_runtime" : 640013,
      "usr_cpu" : 0.326400,
      "sys_cpu" : 2.176050,
      "ctx" : 1501655,
      "majf" : 0,
      "minf" : 769,
      "iodepth_level" : {
        "1" : 100.000000,
        "2" : 0.000000,
        "4" : 0.000000,
        "8" : 0.000000,
        "16" : 0.000000,
        "32" : 0.000000,
        ">=64" : 0.000000
      },
      "iodepth_submit" : {
        "0" : 0.000000,
        "4" : 100.000000,
        "8" : 0.000000,
        "16" : 0.000000,
        "32" : 0.000000,
        "64" : 0.000000,
        ">=64" : 0.000000
      },
      "iodepth_complete" : {
        "0" : 0.000000,
        "4" : 100.000000,
        "8" : 0.000000,
        "16" : 0.000000,
        "32" : 0.000000,
        "64" : 0.000000,
        ">=64" : 0.000000
      },
      "latency_ns" : {
        "2" : 0.000000,
        "4" : 0.000000,
        "10" : 0.000000,
        "20" : 0.000000,
        "50" : 0.000000,
        "100" : 0.000000,
        "250" : 0.000000,
        "500" : 0.000000,
        "750" : 0.000000,
        "1000" : 0.000000
      },
      "latency_us" : {
        "2" : 0.000000,
        "4" : 0.000000,
        "10" : 0.000000,
        "20" : 0.000000,
        "50" : 0.813155,
        "100" : 2.947401,
        "250" : 5.847614,
        "500" : 40.239440,
        "750" : 33.144875,
        "1000" : 8.867388
      },
      "latency_ms" : {
        "2" : 7.346765,
        "4" : 0.696511,
        "10" : 0.091990,
        "20" : 0.010000,
        "50" : 0.000000,
        "100" : 0.000000,
        "250" : 0.000000,
        "500" : 0.000000,
        "750" : 0.000000,
        "1000" : 0.000000,
        "2000" : 0.000000,
        ">=2000" : 0.000000
      },
      "latency_depth" : 1,
      "latency_target" : 0,
      "latency_percentile" : 100.000000,
      "latency_window" : 0
    }
  ],
  "disk_util" : [
    {
      "name" : "vda",
      "read_ios" : 0,
      "write_ios" : 1119167,
      "read_merges" : 0,
      "write_merges" : 314,
      "read_ticks" : 0,
      "write_ticks" : 59617,
      "in_queue" : 59898,
      "util" : 98.929358
    }
  ]
}
