{
  "fio version" : "fio-3.26",
  "timestamp" : 1623499724,
  "timestamp_ms" : 1623499724572,
  "time" : "Sat Jun 12 21:08:44 2021",
  "global options" : {
    "filename" : "./fio_data.bin",
    "direct" : "1",
    "rw" : "read",
    "bs" : "4k",
    "size" : "2G",
    "numjobs" : "64",
    "runtime" : "10"
  },
  "jobs" : [
    {
      "jobname" : "kvm-read-4k",
      "groupid" : 0,
      "error" : 0,
      "eta" : 0,
      "elapsed" : 11,
      "job options" : {
        "name" : "kvm-read-4k"
      },
      "read" : {
        "io_bytes" : 5539102720,
        "io_kbytes" : 5409280,
        "bw_bytes" : 553744148,
        "bw" : 540765,
        "iops" : 135191.442567,
        "runtime" : 10003,
        "total_ios" : 1352320,
        "short_ios" : 0,
        "drop_ios" : 0,
        "slat_ns" : {
          "min" : 0,
          "max" : 0,
          "mean" : 0.000000,
          "stddev" : 0.000000,
          "N" : 0
        },
        "clat_ns" : {
          "min" : 21113,
          "max" : 18666469,
          "mean" : 472055.029744,
          "stddev" : 197021.381798,
          "N" : 1352320,
          "percentile" : {
            "1.000000" : 179200,
            "5.000000" : 254976,
            "10.000000" : 284672,
            "20.000000" : 329728,
            "30.000000" : 370688,
            "40.000000" : 411648,
            "50.000000" : 448512,
            "60.000000" : 485376,
            "70.000000" : 528384,
            "80.000000" : 577536,
            "90.000000" : 667648,
            "95.000000" : 774144,
            "99.000000" : 1105920,
            "99.500000" : 1220608,
            "99.900000" : 1712128,
            "99.950000" : 2146304,
            "99.990000" : 4227072
          }
        },
        "lat_ns" : {
          "min" : 21180,
          "max" : 18667398,
          "mean" : 472199.837064,
          "stddev" : 197287.861444,
          "N" : 1352320
        },
        "bw_min" : 486456,
        "bw_max" : 646704,
        "bw_agg" : 100.000000,
        "bw_mean" : 543533.789474,
        "bw_dev" : 781.278418,
        "bw_samples" : 1216,
        "iops_min" : 121611,
        "iops_max" : 161676,
        "iops_mean" : 135882.631579,
        "iops_stddev" : 195.332691,
        "iops_samples" : 1216
      },
      "write" : {
        "io_bytes" : 0,
        "io_kbytes" : 0,
        "bw_bytes" : 0,
        "bw" : 0,
        "iops" : 0.000000,
        "runtime" : 0,
        "total_ios" : 0,
        "short_ios" : 0,
        "drop_ios" : 0,
        "slat_ns" : {
          "min" : 0,
          "max" : 0,
          "mean" : 0.000000,
          "stddev" : 0.000000,
          "N" : 0
        },
        "clat_ns" : {
          "min" : 0,
          "max" : 0,
          "mean" : 0.000000,
          "stddev" : 0.000000,
          "N" : 0
        },
        "lat_ns" : {
          "min" : 0,
          "max" : 0,
          "mean" : 0.000000,
          "stddev" : 0.000000,
          "N" : 0
        },
        "bw_min" : 0,
        "bw_max" : 0,
        "bw_agg" : 0.000000,
        "bw_mean" : 0.000000,
        "bw_dev" : 0.000000,
        "bw_samples" : 0,
        "iops_min" : 0,
        "iops_max" : 0,
        "iops_mean" : 0.000000,
        "iops_stddev" : 0.000000,
        "iops_samples" : 0
      },
      "trim" : {
        "io_bytes" : 0,
        "io_kbytes" : 0,
        "bw_bytes" : 0,
        "bw" : 0,
        "iops" : 0.000000,
        "runtime" : 0,
        "total_ios" : 0,
        "short_ios" : 0,
        "drop_ios" : 0,
        "slat_ns" : {
          "min" : 0,
          "max" : 0,
          "mean" : 0.000000,
          "stddev" : 0.000000,
          "N" : 0
        },
        "clat_ns" : {
          "min" : 0,
          "max" : 0,
          "mean" : 0.000000,
          "stddev" : 0.000000,
          "N" : 0
        },
        "lat_ns" : {
          "min" : 0,
          "max" : 0,
          "mean" : 0.000000,
          "stddev" : 0.000000,
          "N" : 0
        },
        "bw_min" : 0,
        "bw_max" : 0,
        "bw_agg" : 0.000000,
        "bw_mean" : 0.000000,
        "bw_dev" : 0.000000,
        "bw_samples" : 0,
        "iops_min" : 0,
        "iops_max" : 0,
        "iops_mean" : 0.000000,
        "iops_stddev" : 0.000000,
        "iops_samples" : 0
      },
      "sync" : {
        "total_ios" : 0,
        "lat_ns" : {
          "min" : 0,
          "max" : 0,
          "mean" : 0.000000,
          "stddev" : 0.000000,
          "N" : 0
        }
      },
      "job_runtime" : 640010,
      "usr_cpu" : 0.332182,
      "sys_cpu" : 2.148404,
      "ctx" : 1357614,
      "majf" : 0,
      "minf" : 966,
      "iodepth_level" : {
        "1" : 100.000000,
        "2" : 0.000000,
        "4" : 0.000000,
        "8" : 0.000000,
        "16" : 0.000000,
        "32" : 0.000000,
        ">=64" : 0.000000
      },
      "iodepth_submit" : {
        "0" : 0.000000,
        "4" : 100.000000,
        "8" : 0.000000,
        "16" : 0.000000,
        "32" : 0.000000,
        "64" : 0.000000,
        ">=64" : 0.000000
      },
      "iodepth_complete" : {
        "0" : 0.000000,
        "4" : 100.000000,
        "8" : 0.000000,
        "16" : 0.000000,
        "32" : 0.000000,
        "64" : 0.000000,
        ">=64" : 0.000000
      },
      "latency_ns" : {
        "2" : 0.000000,
        "4" : 0.000000,
        "10" : 0.000000,
        "20" : 0.000000,
        "50" : 0.000000,
        "100" : 0.000000,
        "250" : 0.000000,
        "500" : 0.000000,
        "750" : 0.000000,
        "1000" : 0.000000
      },
      "latency_us" : {
        "2" : 0.000000,
        "4" : 0.000000,
        "10" : 0.000000,
        "20" : 0.000000,
        "50" : 0.292756,
        "100" : 0.392141,
        "250" : 3.763754,
        "500" : 58.968365,
        "750" : 30.887290,
        "1000" : 3.848719
      },
      "latency_ms" : {
        "2" : 1.789665,
        "4" : 0.045477,
        "10" : 0.010353,
        "20" : 0.010000,
        "50" : 0.000000,
        "100" : 0.000000,
        "250" : 0.000000,
        "500" : 0.000000,
        "750" : 0.000000,
        "1000" : 0.000000,
        "2000" : 0.000000,
        ">=2000" : 0.000000
      },
      "latency_depth" : 1,
      "latency_target" : 0,
      "latency_percentile" : 100.000000,
      "latency_window" : 0
    }
  ],
  "disk_util" : [
    {
      "name" : "vda",
      "read_ios" : 1349666,
      "write_ios" : 0,
      "read_merges" : 77,
      "write_merges" : 0,
      "read_ticks" : 56147,
      "write_ticks" : 0,
      "in_queue" : 56147,
      "util" : 99.128281
    }
  ]
}
