{
  "fio version" : "fio-3.26",
  "timestamp" : 1623499760,
  "timestamp_ms" : 1623499760725,
  "time" : "Sat Jun 12 21:09:20 2021",
  "global options" : {
    "filename" : "./fio_data.bin",
    "direct" : "1",
    "rw" : "read",
    "bs" : "32k",
    "size" : "2G",
    "numjobs" : "64",
    "runtime" : "10"
  },
  "jobs" : [
    {
      "jobname" : "kvm-read-32k",
      "groupid" : 0,
      "error" : 0,
      "eta" : 0,
      "elapsed" : 11,
      "job options" : {
        "name" : "kvm-read-32k"
      },
      "read" : {
        "io_bytes" : 40410710016,
        "io_kbytes" : 39463584,
        "bw_bytes" : 4038244230,
        "bw" : 3943597,
        "iops" : 123237.433796,
        "runtime" : 10007,
        "total_ios" : 1233237,
        "short_ios" : 0,
        "drop_ios" : 0,
        "slat_ns" : {
          "min" : 0,
          "max" : 0,
          "mean" : 0.000000,
          "stddev" : 0.000000,
          "N" : 0
        },
        "clat_ns" : {
          "min" : 26249,
          "max" : 50823770,
          "mean" : 517039.583573,
          "stddev" : 329315.851337,
          "N" : 1233237,
          "percentile" : {
            "1.000000" : 77312,
            "5.000000" : 296960,
            "10.000000" : 329728,
            "20.000000" : 374784,
            "30.000000" : 415744,
            "40.000000" : 456704,
            "50.000000" : 501760,
            "60.000000" : 544768,
            "70.000000" : 585728,
            "80.000000" : 634880,
            "90.000000" : 716800,
            "95.000000" : 790528,
            "99.000000" : 978944,
            "99.500000" : 1122304,
            "99.900000" : 2039808,
            "99.950000" : 2867200,
            "99.990000" : 7700480
          }
        },
        "lat_ns" : {
          "min" : 26333,
          "max" : 50823824,
          "mean" : 517220.176666,
          "stddev" : 329592.655315,
          "N" : 1233237
        },
        "bw_min" : 3499670,
        "bw_max" : 4880192,
        "bw_agg" : 99.538064,
        "bw_mean" : 3925381.789474,
        "bw_dev" : 5212.956359,
        "bw_samples" : 1216,
        "iops_min" : 109360,
        "iops_max" : 152506,
        "iops_mean" : 122667.157895,
        "iops_stddev" : 162.908617,
        "iops_samples" : 1216
      },
      "write" : {
        "io_bytes" : 0,
        "io_kbytes" : 0,
        "bw_bytes" : 0,
        "bw" : 0,
        "iops" : 0.000000,
        "runtime" : 0,
        "total_ios" : 0,
        "short_ios" : 0,
        "drop_ios" : 0,
        "slat_ns" : {
          "min" : 0,
          "max" : 0,
          "mean" : 0.000000,
          "stddev" : 0.000000,
          "N" : 0
        },
        "clat_ns" : {
          "min" : 0,
          "max" : 0,
          "mean" : 0.000000,
          "stddev" : 0.000000,
          "N" : 0
        },
        "lat_ns" : {
          "min" : 0,
          "max" : 0,
          "mean" : 0.000000,
          "stddev" : 0.000000,
          "N" : 0
        },
        "bw_min" : 0,
        "bw_max" : 0,
        "bw_agg" : 0.000000,
        "bw_mean" : 0.000000,
        "bw_dev" : 0.000000,
        "bw_samples" : 0,
        "iops_min" : 0,
        "iops_max" : 0,
        "iops_mean" : 0.000000,
        "iops_stddev" : 0.000000,
        "iops_samples" : 0
      },
      "trim" : {
        "io_bytes" : 0,
        "io_kbytes" : 0,
        "bw_bytes" : 0,
        "bw" : 0,
        "iops" : 0.000000,
        "runtime" : 0,
        "total_ios" : 0,
        "short_ios" : 0,
        "drop_ios" : 0,
        "slat_ns" : {
          "min" : 0,
          "max" : 0,
          "mean" : 0.000000,
          "stddev" : 0.000000,
          "N" : 0
        },
        "clat_ns" : {
          "min" : 0,
          "max" : 0,
          "mean" : 0.000000,
          "stddev" : 0.000000,
          "N" : 0
        },
        "lat_ns" : {
          "min" : 0,
          "max" : 0,
          "mean" : 0.000000,
          "stddev" : 0.000000,
          "N" : 0
        },
        "bw_min" : 0,
        "bw_max" : 0,
        "bw_agg" : 0.000000,
        "bw_mean" : 0.000000,
        "bw_dev" : 0.000000,
        "bw_samples" : 0,
        "iops_min" : 0,
        "iops_max" : 0,
        "iops_mean" : 0.000000,
        "iops_stddev" : 0.000000,
        "iops_samples" : 0
      },
      "sync" : {
        "total_ios" : 0,
        "lat_ns" : {
          "min" : 0,
          "max" : 0,
          "mean" : 0.000000,
          "stddev" : 0.000000,
          "N" : 0
        }
      },
      "job_runtime" : 640054,
      "usr_cpu" : 0.387936,
      "sys_cpu" : 2.135914,
      "ctx" : 1239879,
      "majf" : 0,
      "minf" : 1493,
      "iodepth_level" : {
        "1" : 100.000000,
        "2" : 0.000000,
        "4" : 0.000000,
        "8" : 0.000000,
        "16" : 0.000000,
        "32" : 0.000000,
        ">=64" : 0.000000
      },
      "iodepth_submit" : {
        "0" : 0.000000,
        "4" : 100.000000,
        "8" : 0.000000,
        "16" : 0.000000,
        "32" : 0.000000,
        "64" : 0.000000,
        ">=64" : 0.000000
      },
      "iodepth_complete" : {
        "0" : 0.000000,
        "4" : 100.000000,
        "8" : 0.000000,
        "16" : 0.000000,
        "32" : 0.000000,
        "64" : 0.000000,
        ">=64" : 0.000000
      },
      "latency_ns" : {
        "2" : 0.000000,
        "4" : 0.000000,
        "10" : 0.000000,
        "20" : 0.000000,
        "50" : 0.000000,
        "100" : 0.000000,
        "250" : 0.000000,
        "500" : 0.000000,
        "750" : 0.000000,
        "1000" : 0.000000
      },
      "latency_us" : {
        "2" : 0.000000,
        "4" : 0.000000,
        "10" : 0.000000,
        "20" : 0.000000,
        "50" : 0.225342,
        "100" : 1.119087,
        "250" : 0.965589,
        "500" : 47.535470,
        "750" : 43.003737,
        "1000" : 6.257840
      },
      "latency_ms" : {
        "2" : 0.789548,
        "4" : 0.076709,
        "10" : 0.018569,
        "20" : 0.010000,
        "50" : 0.010000,
        "100" : 0.010000,
        "250" : 0.000000,
        "500" : 0.000000,
        "750" : 0.000000,
        "1000" : 0.000000,
        "2000" : 0.000000,
        ">=2000" : 0.000000
      },
      "latency_depth" : 1,
      "latency_target" : 0,
      "latency_percentile" : 100.000000,
      "latency_window" : 0
    }
  ],
  "disk_util" : [
    {
      "name" : "vda",
      "read_ios" : 1230098,
      "write_ios" : 4,
      "read_merges" : 85,
      "write_merges" : 4,
      "read_ticks" : 56696,
      "write_ticks" : 1,
      "in_queue" : 56698,
      "util" : 99.098206
    }
  ]
}
