{
  "fio version" : "fio-3.26",
  "timestamp" : 1623499859,
  "timestamp_ms" : 1623499859966,
  "time" : "Sat Jun 12 21:10:59 2021",
  "global options" : {
    "filename" : "./fio_data.bin",
    "direct" : "1",
    "rw" : "write",
    "bs" : "64k",
    "size" : "2G",
    "numjobs" : "64",
    "runtime" : "10"
  },
  "jobs" : [
    {
      "jobname" : "kvm-write-64k",
      "groupid" : 0,
      "error" : 0,
      "eta" : 0,
      "elapsed" : 11,
      "job options" : {
        "name" : "kvm-write-64k"
      },
      "read" : {
        "io_bytes" : 0,
        "io_kbytes" : 0,
        "bw_bytes" : 0,
        "bw" : 0,
        "iops" : 0.000000,
        "runtime" : 0,
        "total_ios" : 0,
        "short_ios" : 0,
        "drop_ios" : 0,
        "slat_ns" : {
          "min" : 0,
          "max" : 0,
          "mean" : 0.000000,
          "stddev" : 0.000000,
          "N" : 0
        },
        "clat_ns" : {
          "min" : 0,
          "max" : 0,
          "mean" : 0.000000,
          "stddev" : 0.000000,
          "N" : 0
        },
        "lat_ns" : {
          "min" : 0,
          "max" : 0,
          "mean" : 0.000000,
          "stddev" : 0.000000,
          "N" : 0
        },
        "bw_min" : 0,
        "bw_max" : 0,
        "bw_agg" : 0.000000,
        "bw_mean" : 0.000000,
        "bw_dev" : 0.000000,
        "bw_samples" : 0,
        "iops_min" : 0,
        "iops_max" : 0,
        "iops_mean" : 0.000000,
        "iops_stddev" : 0.000000,
        "iops_samples" : 0
      },
      "write" : {
        "io_bytes" : 38741540864,
        "io_kbytes" : 37833536,
        "bw_bytes" : 3870283802,
        "bw" : 3779574,
        "iops" : 59055.844156,
        "runtime" : 10010,
        "total_ios" : 591149,
        "short_ios" : 0,
        "drop_ios" : 0,
        "slat_ns" : {
          "min" : 0,
          "max" : 0,
          "mean" : 0.000000,
          "stddev" : 0.000000,
          "N" : 0
        },
        "clat_ns" : {
          "min" : 30861,
          "max" : 135232060,
          "mean" : 1076567.124217,
          "stddev" : 3694178.127149,
          "N" : 591149,
          "percentile" : {
            "1.000000" : 63744,
            "5.000000" : 84480,
            "10.000000" : 99840,
            "20.000000" : 130560,
            "30.000000" : 162816,
            "40.000000" : 205824,
            "50.000000" : 296960,
            "60.000000" : 468992,
            "70.000000" : 692224,
            "80.000000" : 929792,
            "90.000000" : 1335296,
            "95.000000" : 3358720,
            "99.000000" : 18743296,
            "99.500000" : 27394048,
            "99.900000" : 44826624,
            "99.950000" : 56360960,
            "99.990000" : 80216064
          }
        },
        "lat_ns" : {
          "min" : 31632,
          "max" : 135233535,
          "mean" : 1079907.870334,
          "stddev" : 3698115.673395,
          "N" : 591149
        },
        "bw_min" : 2283586,
        "bw_max" : 5747976,
        "bw_agg" : 99.917106,
        "bw_mean" : 3776441.473684,
        "bw_dev" : 14204.482835,
        "bw_samples" : 1216,
        "iops_min" : 35672,
        "iops_max" : 89796,
        "iops_mean" : 58994.894737,
        "iops_stddev" : 221.922218,
        "iops_samples" : 1216
      },
      "trim" : {
        "io_bytes" : 0,
        "io_kbytes" : 0,
        "bw_bytes" : 0,
        "bw" : 0,
        "iops" : 0.000000,
        "runtime" : 0,
        "total_ios" : 0,
        "short_ios" : 0,
        "drop_ios" : 0,
        "slat_ns" : {
          "min" : 0,
          "max" : 0,
          "mean" : 0.000000,
          "stddev" : 0.000000,
          "N" : 0
        },
        "clat_ns" : {
          "min" : 0,
          "max" : 0,
          "mean" : 0.000000,
          "stddev" : 0.000000,
          "N" : 0
        },
        "lat_ns" : {
          "min" : 0,
          "max" : 0,
          "mean" : 0.000000,
          "stddev" : 0.000000,
          "N" : 0
        },
        "bw_min" : 0,
        "bw_max" : 0,
        "bw_agg" : 0.000000,
        "bw_mean" : 0.000000,
        "bw_dev" : 0.000000,
        "bw_samples" : 0,
        "iops_min" : 0,
        "iops_max" : 0,
        "iops_mean" : 0.000000,
        "iops_stddev" : 0.000000,
        "iops_samples" : 0
      },
      "sync" : {
        "total_ios" : 0,
        "lat_ns" : {
          "min" : 0,
          "max" : 0,
          "mean" : 0.000000,
          "stddev" : 0.000000,
          "N" : 0
        }
      },
      "job_runtime" : 640079,
      "usr_cpu" : 0.373860,
      "sys_cpu" : 1.444978,
      "ctx" : 654911,
      "majf" : 0,
      "minf" : 880,
      "iodepth_level" : {
        "1" : 100.000000,
        "2" : 0.000000,
        "4" : 0.000000,
        "8" : 0.000000,
        "16" : 0.000000,
        "32" : 0.000000,
        ">=64" : 0.000000
      },
      "iodepth_submit" : {
        "0" : 0.000000,
        "4" : 100.000000,
        "8" : 0.000000,
        "16" : 0.000000,
        "32" : 0.000000,
        "64" : 0.000000,
        ">=64" : 0.000000
      },
      "iodepth_complete" : {
        "0" : 0.000000,
        "4" : 100.000000,
        "8" : 0.000000,
        "16" : 0.000000,
        "32" : 0.000000,
        "64" : 0.000000,
        ">=64" : 0.000000
      },
      "latency_ns" : {
        "2" : 0.000000,
        "4" : 0.000000,
        "10" : 0.000000,
        "20" : 0.000000,
        "50" : 0.000000,
        "100" : 0.000000,
        "250" : 0.000000,
        "500" : 0.000000,
        "750" : 0.000000,
        "1000" : 0.000000
      },
      "latency_us" : {
        "2" : 0.000000,
        "4" : 0.000000,
        "10" : 0.000000,
        "20" : 0.000000,
        "50" : 0.130762,
        "100" : 9.780106,
        "250" : 35.965383,
        "500" : 15.648001,
        "750" : 10.881351,
        "1000" : 10.239889
      },
      "latency_ms" : {
        "2" : 10.695442,
        "4" : 2.228203,
        "10" : 2.431198,
        "20" : 1.093633,
        "50" : 0.830078,
        "100" : 0.071725,
        "250" : 0.010000,
        "500" : 0.000000,
        "750" : 0.000000,
        "1000" : 0.000000,
        "2000" : 0.000000,
        ">=2000" : 0.000000
      },
      "latency_depth" : 1,
      "latency_target" : 0,
      "latency_percentile" : 100.000000,
      "latency_window" : 0
    }
  ],
  "disk_util" : [
    {
      "name" : "vda",
      "read_ios" : 0,
      "write_ios" : 581121,
      "read_merges" : 0,
      "write_merges" : 73,
      "read_ticks" : 0,
      "write_ticks" : 371664,
      "in_queue" : 371884,
      "util" : 98.843989
    }
  ]
}
