{
  "fio version" : "fio-3.26",
  "timestamp" : 1623499891,
  "timestamp_ms" : 1623499891804,
  "time" : "Sat Jun 12 21:11:31 2021",
  "global options" : {
    "filename" : "./fio_data.bin",
    "direct" : "1",
    "rw" : "write",
    "bs" : "512k",
    "size" : "2G",
    "numjobs" : "64",
    "runtime" : "10"
  },
  "jobs" : [
    {
      "jobname" : "kvm-write-512k",
      "groupid" : 0,
      "error" : 0,
      "eta" : 0,
      "elapsed" : 11,
      "job options" : {
        "name" : "kvm-write-512k"
      },
      "read" : {
        "io_bytes" : 0,
        "io_kbytes" : 0,
        "bw_bytes" : 0,
        "bw" : 0,
        "iops" : 0.000000,
        "runtime" : 0,
        "total_ios" : 0,
        "short_ios" : 0,
        "drop_ios" : 0,
        "slat_ns" : {
          "min" : 0,
          "max" : 0,
          "mean" : 0.000000,
          "stddev" : 0.000000,
          "N" : 0
        },
        "clat_ns" : {
          "min" : 0,
          "max" : 0,
          "mean" : 0.000000,
          "stddev" : 0.000000,
          "N" : 0
        },
        "lat_ns" : {
          "min" : 0,
          "max" : 0,
          "mean" : 0.000000,
          "stddev" : 0.000000,
          "N" : 0
        },
        "bw_min" : 0,
        "bw_max" : 0,
        "bw_agg" : 0.000000,
        "bw_mean" : 0.000000,
        "bw_dev" : 0.000000,
        "bw_samples" : 0,
        "iops_min" : 0,
        "iops_max" : 0,
        "iops_mean" : 0.000000,
        "iops_stddev" : 0.000000,
        "iops_samples" : 0
      },
      "write" : {
        "io_bytes" : 38307102720,
        "io_kbytes" : 37409280,
        "bw_bytes" : 3822682638,
        "bw" : 3733088,
        "iops" : 7291.188504,
        "runtime" : 10021,
        "total_ios" : 73065,
        "short_ios" : 0,
        "drop_ios" : 0,
        "slat_ns" : {
          "min" : 0,
          "max" : 0,
          "mean" : 0.000000,
          "stddev" : 0.000000,
          "N" : 0
        },
        "clat_ns" : {
          "min" : 138430,
          "max" : 75976142,
          "mean" : 8743870.438171,
          "stddev" : 11904831.828888,
          "N" : 73065,
          "percentile" : {
            "1.000000" : 329728,
            "5.000000" : 643072,
            "10.000000" : 790528,
            "20.000000" : 1089536,
            "30.000000" : 1384448,
            "40.000000" : 1744896,
            "50.000000" : 2179072,
            "60.000000" : 2867200,
            "70.000000" : 6848512,
            "80.000000" : 19267584,
            "90.000000" : 28704768,
            "95.000000" : 34340864,
            "99.000000" : 45350912,
            "99.500000" : 49545216,
            "99.900000" : 55312384,
            "99.950000" : 57933824,
            "99.990000" : 65273856
          }
        },
        "lat_ns" : {
          "min" : 145115,
          "max" : 75991973,
          "mean" : 8761578.120249,
          "stddev" : 11905573.004711,
          "N" : 73065
        },
        "bw_min" : 2486495,
        "bw_max" : 5370746,
        "bw_agg" : 100.000000,
        "bw_mean" : 3744463.684211,
        "bw_dev" : 11882.980108,
        "bw_samples" : 1223,
        "iops_min" : 4852,
        "iops_max" : 10487,
        "iops_mean" : 7309.307895,
        "iops_stddev" : 23.218757,
        "iops_samples" : 1223
      },
      "trim" : {
        "io_bytes" : 0,
        "io_kbytes" : 0,
        "bw_bytes" : 0,
        "bw" : 0,
        "iops" : 0.000000,
        "runtime" : 0,
        "total_ios" : 0,
        "short_ios" : 0,
        "drop_ios" : 0,
        "slat_ns" : {
          "min" : 0,
          "max" : 0,
          "mean" : 0.000000,
          "stddev" : 0.000000,
          "N" : 0
        },
        "clat_ns" : {
          "min" : 0,
          "max" : 0,
          "mean" : 0.000000,
          "stddev" : 0.000000,
          "N" : 0
        },
        "lat_ns" : {
          "min" : 0,
          "max" : 0,
          "mean" : 0.000000,
          "stddev" : 0.000000,
          "N" : 0
        },
        "bw_min" : 0,
        "bw_max" : 0,
        "bw_agg" : 0.000000,
        "bw_mean" : 0.000000,
        "bw_dev" : 0.000000,
        "bw_samples" : 0,
        "iops_min" : 0,
        "iops_max" : 0,
        "iops_mean" : 0.000000,
        "iops_stddev" : 0.000000,
        "iops_samples" : 0
      },
      "sync" : {
        "total_ios" : 0,
        "lat_ns" : {
          "min" : 0,
          "max" : 0,
          "mean" : 0.000000,
          "stddev" : 0.000000,
          "N" : 0
        }
      },
      "job_runtime" : 640270,
      "usr_cpu" : 0.249738,
      "sys_cpu" : 0.206944,
      "ctx" : 73922,
      "majf" : 0,
      "minf" : 826,
      "iodepth_level" : {
        "1" : 100.000000,
        "2" : 0.000000,
        "4" : 0.000000,
        "8" : 0.000000,
        "16" : 0.000000,
        "32" : 0.000000,
        ">=64" : 0.000000
      },
      "iodepth_submit" : {
        "0" : 0.000000,
        "4" : 100.000000,
        "8" : 0.000000,
        "16" : 0.000000,
        "32" : 0.000000,
        "64" : 0.000000,
        ">=64" : 0.000000
      },
      "iodepth_complete" : {
        "0" : 0.000000,
        "4" : 100.000000,
        "8" : 0.000000,
        "16" : 0.000000,
        "32" : 0.000000,
        "64" : 0.000000,
        ">=64" : 0.000000
      },
      "latency_ns" : {
        "2" : 0.000000,
        "4" : 0.000000,
        "10" : 0.000000,
        "20" : 0.000000,
        "50" : 0.000000,
        "100" : 0.000000,
        "250" : 0.000000,
        "500" : 0.000000,
        "750" : 0.000000,
        "1000" : 0.000000
      },
      "latency_us" : {
        "2" : 0.000000,
        "4" : 0.000000,
        "10" : 0.000000,
        "20" : 0.000000,
        "50" : 0.000000,
        "100" : 0.000000,
        "250" : 0.405119,
        "500" : 2.199411,
        "750" : 6.090467,
        "1000" : 8.147540
      },
      "latency_ms" : {
        "2" : 29.142544,
        "4" : 20.544720,
        "10" : 4.323548,
        "20" : 10.108807,
        "50" : 18.601245,
        "100" : 0.436598,
        "250" : 0.000000,
        "500" : 0.000000,
        "750" : 0.000000,
        "1000" : 0.000000,
        "2000" : 0.000000,
        ">=2000" : 0.000000
      },
      "latency_depth" : 1,
      "latency_target" : 0,
      "latency_percentile" : 100.000000,
      "latency_window" : 0
    }
  ],
  "disk_util" : [
    {
      "name" : "vda",
      "read_ios" : 0,
      "write_ios" : 72713,
      "read_merges" : 0,
      "write_merges" : 55,
      "read_ticks" : 0,
      "write_ticks" : 625789,
      "in_queue" : 625948,
      "util" : 98.675628
    }
  ]
}
