{
  "fio version" : "fio-3.26",
  "timestamp" : 1623498619,
  "timestamp_ms" : 1623498619045,
  "time" : "Sat Jun 12 20:50:19 2021",
  "global options" : {
    "filename" : "./fio_data.bin",
    "direct" : "1",
    "rw" : "read",
    "bs" : "512k",
    "size" : "2G",
    "numjobs" : "64",
    "runtime" : "10"
  },
  "jobs" : [
    {
      "jobname" : "virtualbox-read-512k",
      "groupid" : 0,
      "error" : 0,
      "eta" : 0,
      "elapsed" : 11,
      "job options" : {
        "name" : "virtualbox-read-512k"
      },
      "read" : {
        "io_bytes" : 14448852992,
        "io_kbytes" : 14110208,
        "bw_bytes" : 1442001296,
        "bw" : 1408204,
        "iops" : 2750.399202,
        "runtime" : 10020,
        "total_ios" : 27559,
        "short_ios" : 0,
        "drop_ios" : 0,
        "slat_ns" : {
          "min" : 0,
          "max" : 0,
          "mean" : 0.000000,
          "stddev" : 0.000000,
          "N" : 0
        },
        "clat_ns" : {
          "min" : 809904,
          "max" : 36078680,
          "mean" : 23214737.423891,
          "stddev" : 1537522.506580,
          "N" : 27559,
          "percentile" : {
            "1.000000" : 20840448,
            "5.000000" : 21626880,
            "10.000000" : 21889024,
            "20.000000" : 22413312,
            "30.000000" : 22675456,
            "40.000000" : 22937600,
            "50.000000" : 23199744,
            "60.000000" : 23461888,
            "70.000000" : 23724032,
            "80.000000" : 24248320,
            "90.000000" : 24510464,
            "95.000000" : 25034752,
            "99.000000" : 25821184,
            "99.500000" : 26083328,
            "99.900000" : 26869760,
            "99.950000" : 28442624,
            "99.990000" : 34865152
          }
        },
        "lat_ns" : {
          "min" : 810242,
          "max" : 36079148,
          "mean" : 23214963.437389,
          "stddev" : 1537514.416607,
          "N" : 27559
        },
        "bw_min" : 1357028,
        "bw_max" : 1482350,
        "bw_agg" : 99.977106,
        "bw_mean" : 1407882.189474,
        "bw_dev" : 621.322013,
        "bw_samples" : 1220,
        "iops_min" : 2605,
        "iops_max" : 2890,
        "iops_mean" : 2738.234211,
        "iops_stddev" : 1.303103,
        "iops_samples" : 1220
      },
      "write" : {
        "io_bytes" : 0,
        "io_kbytes" : 0,
        "bw_bytes" : 0,
        "bw" : 0,
        "iops" : 0.000000,
        "runtime" : 0,
        "total_ios" : 0,
        "short_ios" : 0,
        "drop_ios" : 0,
        "slat_ns" : {
          "min" : 0,
          "max" : 0,
          "mean" : 0.000000,
          "stddev" : 0.000000,
          "N" : 0
        },
        "clat_ns" : {
          "min" : 0,
          "max" : 0,
          "mean" : 0.000000,
          "stddev" : 0.000000,
          "N" : 0
        },
        "lat_ns" : {
          "min" : 0,
          "max" : 0,
          "mean" : 0.000000,
          "stddev" : 0.000000,
          "N" : 0
        },
        "bw_min" : 0,
        "bw_max" : 0,
        "bw_agg" : 0.000000,
        "bw_mean" : 0.000000,
        "bw_dev" : 0.000000,
        "bw_samples" : 0,
        "iops_min" : 0,
        "iops_max" : 0,
        "iops_mean" : 0.000000,
        "iops_stddev" : 0.000000,
        "iops_samples" : 0
      },
      "trim" : {
        "io_bytes" : 0,
        "io_kbytes" : 0,
        "bw_bytes" : 0,
        "bw" : 0,
        "iops" : 0.000000,
        "runtime" : 0,
        "total_ios" : 0,
        "short_ios" : 0,
        "drop_ios" : 0,
        "slat_ns" : {
          "min" : 0,
          "max" : 0,
          "mean" : 0.000000,
          "stddev" : 0.000000,
          "N" : 0
        },
        "clat_ns" : {
          "min" : 0,
          "max" : 0,
          "mean" : 0.000000,
          "stddev" : 0.000000,
          "N" : 0
        },
        "lat_ns" : {
          "min" : 0,
          "max" : 0,
          "mean" : 0.000000,
          "stddev" : 0.000000,
          "N" : 0
        },
        "bw_min" : 0,
        "bw_max" : 0,
        "bw_agg" : 0.000000,
        "bw_mean" : 0.000000,
        "bw_dev" : 0.000000,
        "bw_samples" : 0,
        "iops_min" : 0,
        "iops_max" : 0,
        "iops_mean" : 0.000000,
        "iops_stddev" : 0.000000,
        "iops_samples" : 0
      },
      "sync" : {
        "total_ios" : 0,
        "lat_ns" : {
          "min" : 0,
          "max" : 0,
          "mean" : 0.000000,
          "stddev" : 0.000000,
          "N" : 0
        }
      },
      "job_runtime" : 640468,
      "usr_cpu" : 0.032476,
      "sys_cpu" : 0.127563,
      "ctx" : 27715,
      "majf" : 0,
      "minf" : 9118,
      "iodepth_level" : {
        "1" : 100.000000,
        "2" : 0.000000,
        "4" : 0.000000,
        "8" : 0.000000,
        "16" : 0.000000,
        "32" : 0.000000,
        ">=64" : 0.000000
      },
      "iodepth_submit" : {
        "0" : 0.000000,
        "4" : 100.000000,
        "8" : 0.000000,
        "16" : 0.000000,
        "32" : 0.000000,
        "64" : 0.000000,
        ">=64" : 0.000000
      },
      "iodepth_complete" : {
        "0" : 0.000000,
        "4" : 100.000000,
        "8" : 0.000000,
        "16" : 0.000000,
        "32" : 0.000000,
        "64" : 0.000000,
        ">=64" : 0.000000
      },
      "latency_ns" : {
        "2" : 0.000000,
        "4" : 0.000000,
        "10" : 0.000000,
        "20" : 0.000000,
        "50" : 0.000000,
        "100" : 0.000000,
        "250" : 0.000000,
        "500" : 0.000000,
        "750" : 0.000000,
        "1000" : 0.000000
      },
      "latency_us" : {
        "2" : 0.000000,
        "4" : 0.000000,
        "10" : 0.000000,
        "20" : 0.000000,
        "50" : 0.000000,
        "100" : 0.000000,
        "250" : 0.000000,
        "500" : 0.000000,
        "750" : 0.000000,
        "1000" : 0.010886
      },
      "latency_ms" : {
        "2" : 0.010886,
        "4" : 0.061686,
        "10" : 0.261258,
        "20" : 0.308429,
        "50" : 99.346856,
        "100" : 0.000000,
        "250" : 0.000000,
        "500" : 0.000000,
        "750" : 0.000000,
        "1000" : 0.000000,
        "2000" : 0.000000,
        ">=2000" : 0.000000
      },
      "latency_depth" : 1,
      "latency_target" : 0,
      "latency_percentile" : 100.000000,
      "latency_window" : 0
    }
  ],
  "disk_util" : [
    {
      "name" : "sda",
      "read_ios" : 14428,
      "write_ios" : 0,
      "read_merges" : 12534,
      "write_merges" : 0,
      "read_ticks" : 333767,
      "write_ticks" : 0,
      "in_queue" : 333767,
      "util" : 98.931452
    }
  ]
}
