{
  "fio version" : "fio-3.26",
  "timestamp" : 1623498650,
  "timestamp_ms" : 1623498650195,
  "time" : "Sat Jun 12 20:50:50 2021",
  "global options" : {
    "filename" : "./fio_data.bin",
    "direct" : "1",
    "rw" : "write",
    "bs" : "16k",
    "size" : "2G",
    "numjobs" : "64",
    "runtime" : "10"
  },
  "jobs" : [
    {
      "jobname" : "virtualbox-write-16k",
      "groupid" : 0,
      "error" : 0,
      "eta" : 0,
      "elapsed" : 11,
      "job options" : {
        "name" : "virtualbox-write-16k"
      },
      "read" : {
        "io_bytes" : 0,
        "io_kbytes" : 0,
        "bw_bytes" : 0,
        "bw" : 0,
        "iops" : 0.000000,
        "runtime" : 0,
        "total_ios" : 0,
        "short_ios" : 0,
        "drop_ios" : 0,
        "slat_ns" : {
          "min" : 0,
          "max" : 0,
          "mean" : 0.000000,
          "stddev" : 0.000000,
          "N" : 0
        },
        "clat_ns" : {
          "min" : 0,
          "max" : 0,
          "mean" : 0.000000,
          "stddev" : 0.000000,
          "N" : 0
        },
        "lat_ns" : {
          "min" : 0,
          "max" : 0,
          "mean" : 0.000000,
          "stddev" : 0.000000,
          "N" : 0
        },
        "bw_min" : 0,
        "bw_max" : 0,
        "bw_agg" : 0.000000,
        "bw_mean" : 0.000000,
        "bw_dev" : 0.000000,
        "bw_samples" : 0,
        "iops_min" : 0,
        "iops_max" : 0,
        "iops_mean" : 0.000000,
        "iops_stddev" : 0.000000,
        "iops_samples" : 0
      },
      "write" : {
        "io_bytes" : 8471085056,
        "io_kbytes" : 8272544,
        "bw_bytes" : 846346793,
        "bw" : 826510,
        "iops" : 51656.908782,
        "runtime" : 10009,
        "total_ios" : 517034,
        "short_ios" : 0,
        "drop_ios" : 0,
        "slat_ns" : {
          "min" : 0,
          "max" : 0,
          "mean" : 0.000000,
          "stddev" : 0.000000,
          "N" : 0
        },
        "clat_ns" : {
          "min" : 30792,
          "max" : 136865183,
          "mean" : 1234821.541968,
          "stddev" : 3268224.330860,
          "N" : 517034,
          "percentile" : {
            "1.000000" : 59136,
            "5.000000" : 77312,
            "10.000000" : 86528,
            "20.000000" : 97792,
            "30.000000" : 123392,
            "40.000000" : 193536,
            "50.000000" : 313344,
            "60.000000" : 505856,
            "70.000000" : 774144,
            "80.000000" : 1286144,
            "90.000000" : 2899968,
            "95.000000" : 5013504,
            "99.000000" : 15138816,
            "99.500000" : 22151168,
            "99.900000" : 39583744,
            "99.950000" : 47972352,
            "99.990000" : 79167488
          }
        },
        "lat_ns" : {
          "min" : 30953,
          "max" : 136865827,
          "mean" : 1235691.159494,
          "stddev" : 3269312.901837,
          "N" : 517034
        },
        "bw_min" : 385526,
        "bw_max" : 1275295,
        "bw_agg" : 99.561465,
        "bw_mean" : 822886.894737,
        "bw_dev" : 3557.346613,
        "bw_samples" : 1216,
        "iops_min" : 24075,
        "iops_max" : 79702,
        "iops_mean" : 51423.578947,
        "iops_stddev" : 222.371295,
        "iops_samples" : 1216
      },
      "trim" : {
        "io_bytes" : 0,
        "io_kbytes" : 0,
        "bw_bytes" : 0,
        "bw" : 0,
        "iops" : 0.000000,
        "runtime" : 0,
        "total_ios" : 0,
        "short_ios" : 0,
        "drop_ios" : 0,
        "slat_ns" : {
          "min" : 0,
          "max" : 0,
          "mean" : 0.000000,
          "stddev" : 0.000000,
          "N" : 0
        },
        "clat_ns" : {
          "min" : 0,
          "max" : 0,
          "mean" : 0.000000,
          "stddev" : 0.000000,
          "N" : 0
        },
        "lat_ns" : {
          "min" : 0,
          "max" : 0,
          "mean" : 0.000000,
          "stddev" : 0.000000,
          "N" : 0
        },
        "bw_min" : 0,
        "bw_max" : 0,
        "bw_agg" : 0.000000,
        "bw_mean" : 0.000000,
        "bw_dev" : 0.000000,
        "bw_samples" : 0,
        "iops_min" : 0,
        "iops_max" : 0,
        "iops_mean" : 0.000000,
        "iops_stddev" : 0.000000,
        "iops_samples" : 0
      },
      "sync" : {
        "total_ios" : 0,
        "lat_ns" : {
          "min" : 0,
          "max" : 0,
          "mean" : 0.000000,
          "stddev" : 0.000000,
          "N" : 0
        }
      },
      "job_runtime" : 640096,
      "usr_cpu" : 0.154508,
      "sys_cpu" : 3.161088,
      "ctx" : 552222,
      "majf" : 1,
      "minf" : 940,
      "iodepth_level" : {
        "1" : 100.000000,
        "2" : 0.000000,
        "4" : 0.000000,
        "8" : 0.000000,
        "16" : 0.000000,
        "32" : 0.000000,
        ">=64" : 0.000000
      },
      "iodepth_submit" : {
        "0" : 0.000000,
        "4" : 100.000000,
        "8" : 0.000000,
        "16" : 0.000000,
        "32" : 0.000000,
        "64" : 0.000000,
        ">=64" : 0.000000
      },
      "iodepth_complete" : {
        "0" : 0.000000,
        "4" : 100.000000,
        "8" : 0.000000,
        "16" : 0.000000,
        "32" : 0.000000,
        "64" : 0.000000,
        ">=64" : 0.000000
      },
      "latency_ns" : {
        "2" : 0.000000,
        "4" : 0.000000,
        "10" : 0.000000,
        "20" : 0.000000,
        "50" : 0.000000,
        "100" : 0.000000,
        "250" : 0.000000,
        "500" : 0.000000,
        "750" : 0.000000,
        "1000" : 0.000000
      },
      "latency_us" : {
        "2" : 0.000000,
        "4" : 0.000000,
        "10" : 0.000000,
        "20" : 0.000000,
        "50" : 0.237702,
        "100" : 21.249860,
        "250" : 23.912161,
        "500" : 14.366560,
        "750" : 9.403250,
        "1000" : 6.346778
      },
      "latency_ms" : {
        "2" : 10.258126,
        "4" : 7.325050,
        "10" : 4.984005,
        "20" : 1.330087,
        "50" : 0.546966,
        "100" : 0.038295,
        "250" : 0.010000,
        "500" : 0.000000,
        "750" : 0.000000,
        "1000" : 0.000000,
        "2000" : 0.000000,
        ">=2000" : 0.000000
      },
      "latency_depth" : 1,
      "latency_target" : 0,
      "latency_percentile" : 100.000000,
      "latency_window" : 0
    }
  ],
  "disk_util" : [
    {
      "name" : "sda",
      "read_ios" : 0,
      "write_ios" : 502030,
      "read_merges" : 0,
      "write_merges" : 3297,
      "read_ticks" : 0,
      "write_ticks" : 264293,
      "in_queue" : 264328,
      "util" : 98.229198
    }
  ]
}
