{
  "fio version" : "fio-3.26",
  "timestamp" : 1623498583,
  "timestamp_ms" : 1623498583142,
  "time" : "Sat Jun 12 20:49:43 2021",
  "global options" : {
    "filename" : "./fio_data.bin",
    "direct" : "1",
    "rw" : "read",
    "bs" : "64k",
    "size" : "2G",
    "numjobs" : "64",
    "runtime" : "10"
  },
  "jobs" : [
    {
      "jobname" : "virtualbox-read-64k",
      "groupid" : 0,
      "error" : 0,
      "eta" : 0,
      "elapsed" : 11,
      "job options" : {
        "name" : "virtualbox-read-64k"
      },
      "read" : {
        "io_bytes" : 13605339136,
        "io_kbytes" : 13286464,
        "bw_bytes" : 1359853986,
        "bw" : 1327982,
        "iops" : 20749.725137,
        "runtime" : 10005,
        "total_ios" : 207601,
        "short_ios" : 0,
        "drop_ios" : 0,
        "slat_ns" : {
          "min" : 0,
          "max" : 0,
          "mean" : 0.000000,
          "stddev" : 0.000000,
          "N" : 0
        },
        "clat_ns" : {
          "min" : 215275,
          "max" : 26216017,
          "mean" : 3079726.735459,
          "stddev" : 340628.051959,
          "N" : 207601,
          "percentile" : {
            "1.000000" : 2539520,
            "5.000000" : 2703360,
            "10.000000" : 2801664,
            "20.000000" : 2867200,
            "30.000000" : 2932736,
            "40.000000" : 2998272,
            "50.000000" : 3063808,
            "60.000000" : 3129344,
            "70.000000" : 3194880,
            "80.000000" : 3260416,
            "90.000000" : 3391488,
            "95.000000" : 3489792,
            "99.000000" : 3817472,
            "99.500000" : 4014080,
            "99.900000" : 4554752,
            "99.950000" : 5603328,
            "99.990000" : 13434880
          }
        },
        "lat_ns" : {
          "min" : 215370,
          "max" : 26216324,
          "mean" : 3079863.656615,
          "stddev" : 340628.903254,
          "N" : 207601
        },
        "bw_min" : 1268482,
        "bw_max" : 1416247,
        "bw_agg" : 100.000000,
        "bw_mean" : 1330456.684211,
        "bw_dev" : 542.882496,
        "bw_samples" : 1216,
        "iops_min" : 19806,
        "iops_max" : 22111,
        "iops_mean" : 20779.157895,
        "iops_stddev" : 8.502147,
        "iops_samples" : 1216
      },
      "write" : {
        "io_bytes" : 0,
        "io_kbytes" : 0,
        "bw_bytes" : 0,
        "bw" : 0,
        "iops" : 0.000000,
        "runtime" : 0,
        "total_ios" : 0,
        "short_ios" : 0,
        "drop_ios" : 0,
        "slat_ns" : {
          "min" : 0,
          "max" : 0,
          "mean" : 0.000000,
          "stddev" : 0.000000,
          "N" : 0
        },
        "clat_ns" : {
          "min" : 0,
          "max" : 0,
          "mean" : 0.000000,
          "stddev" : 0.000000,
          "N" : 0
        },
        "lat_ns" : {
          "min" : 0,
          "max" : 0,
          "mean" : 0.000000,
          "stddev" : 0.000000,
          "N" : 0
        },
        "bw_min" : 0,
        "bw_max" : 0,
        "bw_agg" : 0.000000,
        "bw_mean" : 0.000000,
        "bw_dev" : 0.000000,
        "bw_samples" : 0,
        "iops_min" : 0,
        "iops_max" : 0,
        "iops_mean" : 0.000000,
        "iops_stddev" : 0.000000,
        "iops_samples" : 0
      },
      "trim" : {
        "io_bytes" : 0,
        "io_kbytes" : 0,
        "bw_bytes" : 0,
        "bw" : 0,
        "iops" : 0.000000,
        "runtime" : 0,
        "total_ios" : 0,
        "short_ios" : 0,
        "drop_ios" : 0,
        "slat_ns" : {
          "min" : 0,
          "max" : 0,
          "mean" : 0.000000,
          "stddev" : 0.000000,
          "N" : 0
        },
        "clat_ns" : {
          "min" : 0,
          "max" : 0,
          "mean" : 0.000000,
          "stddev" : 0.000000,
          "N" : 0
        },
        "lat_ns" : {
          "min" : 0,
          "max" : 0,
          "mean" : 0.000000,
          "stddev" : 0.000000,
          "N" : 0
        },
        "bw_min" : 0,
        "bw_max" : 0,
        "bw_agg" : 0.000000,
        "bw_mean" : 0.000000,
        "bw_dev" : 0.000000,
        "bw_samples" : 0,
        "iops_min" : 0,
        "iops_max" : 0,
        "iops_mean" : 0.000000,
        "iops_stddev" : 0.000000,
        "iops_samples" : 0
      },
      "sync" : {
        "total_ios" : 0,
        "lat_ns" : {
          "min" : 0,
          "max" : 0,
          "mean" : 0.000000,
          "stddev" : 0.000000,
          "N" : 0
        }
      },
      "job_runtime" : 640037,
      "usr_cpu" : 0.081870,
      "sys_cpu" : 0.417476,
      "ctx" : 213846,
      "majf" : 0,
      "minf" : 1796,
      "iodepth_level" : {
        "1" : 100.000000,
        "2" : 0.000000,
        "4" : 0.000000,
        "8" : 0.000000,
        "16" : 0.000000,
        "32" : 0.000000,
        ">=64" : 0.000000
      },
      "iodepth_submit" : {
        "0" : 0.000000,
        "4" : 100.000000,
        "8" : 0.000000,
        "16" : 0.000000,
        "32" : 0.000000,
        "64" : 0.000000,
        ">=64" : 0.000000
      },
      "iodepth_complete" : {
        "0" : 0.000000,
        "4" : 100.000000,
        "8" : 0.000000,
        "16" : 0.000000,
        "32" : 0.000000,
        "64" : 0.000000,
        ">=64" : 0.000000
      },
      "latency_ns" : {
        "2" : 0.000000,
        "4" : 0.000000,
        "10" : 0.000000,
        "20" : 0.000000,
        "50" : 0.000000,
        "100" : 0.000000,
        "250" : 0.000000,
        "500" : 0.000000,
        "750" : 0.000000,
        "1000" : 0.000000
      },
      "latency_us" : {
        "2" : 0.000000,
        "4" : 0.000000,
        "10" : 0.000000,
        "20" : 0.000000,
        "50" : 0.000000,
        "100" : 0.000000,
        "250" : 0.010000,
        "500" : 0.030828,
        "750" : 0.037572,
        "1000" : 0.052986
      },
      "latency_ms" : {
        "2" : 0.188824,
        "4" : 99.147403,
        "10" : 0.521192,
        "20" : 0.016378,
        "50" : 0.010000,
        "100" : 0.000000,
        "250" : 0.000000,
        "500" : 0.000000,
        "750" : 0.000000,
        "1000" : 0.000000,
        "2000" : 0.000000,
        ">=2000" : 0.000000
      },
      "latency_depth" : 1,
      "latency_target" : 0,
      "latency_percentile" : 100.000000,
      "latency_window" : 0
    }
  ],
  "disk_util" : [
    {
      "name" : "sda",
      "read_ios" : 112543,
      "write_ios" : 0,
      "read_merges" : 89925,
      "write_merges" : 0,
      "read_ticks" : 341405,
      "write_ticks" : 0,
      "in_queue" : 341405,
      "util" : 98.926365
    }
  ]
}
