{
  "fio version" : "fio-3.26",
  "timestamp" : 1623498691,
  "timestamp_ms" : 1623498691567,
  "time" : "Sat Jun 12 20:51:31 2021",
  "global options" : {
    "filename" : "./fio_data.bin",
    "direct" : "1",
    "rw" : "write",
    "bs" : "256k",
    "size" : "2G",
    "numjobs" : "64",
    "runtime" : "10"
  },
  "jobs" : [
    {
      "jobname" : "virtualbox-write-256k",
      "groupid" : 0,
      "error" : 0,
      "eta" : 0,
      "elapsed" : 11,
      "job options" : {
        "name" : "virtualbox-write-256k"
      },
      "read" : {
        "io_bytes" : 0,
        "io_kbytes" : 0,
        "bw_bytes" : 0,
        "bw" : 0,
        "iops" : 0.000000,
        "runtime" : 0,
        "total_ios" : 0,
        "short_ios" : 0,
        "drop_ios" : 0,
        "slat_ns" : {
          "min" : 0,
          "max" : 0,
          "mean" : 0.000000,
          "stddev" : 0.000000,
          "N" : 0
        },
        "clat_ns" : {
          "min" : 0,
          "max" : 0,
          "mean" : 0.000000,
          "stddev" : 0.000000,
          "N" : 0
        },
        "lat_ns" : {
          "min" : 0,
          "max" : 0,
          "mean" : 0.000000,
          "stddev" : 0.000000,
          "N" : 0
        },
        "bw_min" : 0,
        "bw_max" : 0,
        "bw_agg" : 0.000000,
        "bw_mean" : 0.000000,
        "bw_dev" : 0.000000,
        "bw_samples" : 0,
        "iops_min" : 0,
        "iops_max" : 0,
        "iops_mean" : 0.000000,
        "iops_stddev" : 0.000000,
        "iops_samples" : 0
      },
      "write" : {
        "io_bytes" : 14944043008,
        "io_kbytes" : 14593792,
        "bw_bytes" : 1492464097,
        "bw" : 1457484,
        "iops" : 5693.298712,
        "runtime" : 10013,
        "total_ios" : 57007,
        "short_ios" : 0,
        "drop_ios" : 0,
        "slat_ns" : {
          "min" : 0,
          "max" : 0,
          "mean" : 0.000000,
          "stddev" : 0.000000,
          "N" : 0
        },
        "clat_ns" : {
          "min" : 320154,
          "max" : 34683604,
          "mean" : 11184624.242882,
          "stddev" : 3995301.593096,
          "N" : 57007,
          "percentile" : {
            "1.000000" : 3883008,
            "5.000000" : 6258688,
            "10.000000" : 6979584,
            "20.000000" : 8028160,
            "30.000000" : 8847360,
            "40.000000" : 9764864,
            "50.000000" : 10551296,
            "60.000000" : 11468800,
            "70.000000" : 12517376,
            "80.000000" : 13828096,
            "90.000000" : 16056320,
            "95.000000" : 18219008,
            "99.000000" : 25034752,
            "99.500000" : 27131904,
            "99.900000" : 30539776,
            "99.950000" : 31850496,
            "99.990000" : 33816576
          }
        },
        "lat_ns" : {
          "min" : 326003,
          "max" : 34692801,
          "mean" : 11196338.915923,
          "stddev" : 3995475.639181,
          "N" : 57007
        },
        "bw_min" : 959507,
        "bw_max" : 2209192,
        "bw_agg" : 100.000000,
        "bw_mean" : 1472133.263158,
        "bw_dev" : 5284.428639,
        "bw_samples" : 1216,
        "iops_min" : 3719,
        "iops_max" : 8625,
        "iops_mean" : 5740.473684,
        "iops_stddev" : 20.654603,
        "iops_samples" : 1216
      },
      "trim" : {
        "io_bytes" : 0,
        "io_kbytes" : 0,
        "bw_bytes" : 0,
        "bw" : 0,
        "iops" : 0.000000,
        "runtime" : 0,
        "total_ios" : 0,
        "short_ios" : 0,
        "drop_ios" : 0,
        "slat_ns" : {
          "min" : 0,
          "max" : 0,
          "mean" : 0.000000,
          "stddev" : 0.000000,
          "N" : 0
        },
        "clat_ns" : {
          "min" : 0,
          "max" : 0,
          "mean" : 0.000000,
          "stddev" : 0.000000,
          "N" : 0
        },
        "lat_ns" : {
          "min" : 0,
          "max" : 0,
          "mean" : 0.000000,
          "stddev" : 0.000000,
          "N" : 0
        },
        "bw_min" : 0,
        "bw_max" : 0,
        "bw_agg" : 0.000000,
        "bw_mean" : 0.000000,
        "bw_dev" : 0.000000,
        "bw_samples" : 0,
        "iops_min" : 0,
        "iops_max" : 0,
        "iops_mean" : 0.000000,
        "iops_stddev" : 0.000000,
        "iops_samples" : 0
      },
      "sync" : {
        "total_ios" : 0,
        "lat_ns" : {
          "min" : 0,
          "max" : 0,
          "mean" : 0.000000,
          "stddev" : 0.000000,
          "N" : 0
        }
      },
      "job_runtime" : 640232,
      "usr_cpu" : 0.116364,
      "sys_cpu" : 0.339877,
      "ctx" : 59153,
      "majf" : 0,
      "minf" : 767,
      "iodepth_level" : {
        "1" : 100.000000,
        "2" : 0.000000,
        "4" : 0.000000,
        "8" : 0.000000,
        "16" : 0.000000,
        "32" : 0.000000,
        ">=64" : 0.000000
      },
      "iodepth_submit" : {
        "0" : 0.000000,
        "4" : 100.000000,
        "8" : 0.000000,
        "16" : 0.000000,
        "32" : 0.000000,
        "64" : 0.000000,
        ">=64" : 0.000000
      },
      "iodepth_complete" : {
        "0" : 0.000000,
        "4" : 100.000000,
        "8" : 0.000000,
        "16" : 0.000000,
        "32" : 0.000000,
        "64" : 0.000000,
        ">=64" : 0.000000
      },
      "latency_ns" : {
        "2" : 0.000000,
        "4" : 0.000000,
        "10" : 0.000000,
        "20" : 0.000000,
        "50" : 0.000000,
        "100" : 0.000000,
        "250" : 0.000000,
        "500" : 0.000000,
        "750" : 0.000000,
        "1000" : 0.000000
      },
      "latency_us" : {
        "2" : 0.000000,
        "4" : 0.000000,
        "10" : 0.000000,
        "20" : 0.000000,
        "50" : 0.000000,
        "100" : 0.000000,
        "250" : 0.000000,
        "500" : 0.014033,
        "750" : 0.045608,
        "1000" : 0.091217
      },
      "latency_ms" : {
        "2" : 0.442051,
        "4" : 0.438543,
        "10" : 41.980809,
        "20" : 53.731998,
        "50" : 3.255741,
        "100" : 0.000000,
        "250" : 0.000000,
        "500" : 0.000000,
        "750" : 0.000000,
        "1000" : 0.000000,
        "2000" : 0.000000,
        ">=2000" : 0.000000
      },
      "latency_depth" : 1,
      "latency_target" : 0,
      "latency_percentile" : 100.000000,
      "latency_window" : 0
    }
  ],
  "disk_util" : [
    {
      "name" : "sda",
      "read_ios" : 0,
      "write_ios" : 32620,
      "read_merges" : 0,
      "write_merges" : 23566,
      "read_ticks" : 0,
      "write_ticks" : 349304,
      "in_queue" : 349357,
      "util" : 98.926457
    }
  ]
}
