{
  "fio version" : "fio-3.26",
  "timestamp" : 1623498559,
  "timestamp_ms" : 1623498559214,
  "time" : "Sat Jun 12 20:49:19 2021",
  "global options" : {
    "filename" : "./fio_data.bin",
    "direct" : "1",
    "rw" : "read",
    "bs" : "16k",
    "size" : "2G",
    "numjobs" : "64",
    "runtime" : "10"
  },
  "jobs" : [
    {
      "jobname" : "virtualbox-read-16k",
      "groupid" : 0,
      "error" : 0,
      "eta" : 0,
      "elapsed" : 11,
      "job options" : {
        "name" : "virtualbox-read-16k"
      },
      "read" : {
        "io_bytes" : 9249701888,
        "io_kbytes" : 9032912,
        "bw_bytes" : 923861554,
        "bw" : 902208,
        "iops" : 56388.034359,
        "runtime" : 10012,
        "total_ios" : 564557,
        "short_ios" : 0,
        "drop_ios" : 0,
        "slat_ns" : {
          "min" : 0,
          "max" : 0,
          "mean" : 0.000000,
          "stddev" : 0.000000,
          "N" : 0
        },
        "clat_ns" : {
          "min" : 112777,
          "max" : 59781372,
          "mean" : 1130589.059686,
          "stddev" : 1160159.900997,
          "N" : 564557,
          "percentile" : {
            "1.000000" : 292864,
            "5.000000" : 370688,
            "10.000000" : 432128,
            "20.000000" : 544768,
            "30.000000" : 659456,
            "40.000000" : 782336,
            "50.000000" : 905216,
            "60.000000" : 1036288,
            "70.000000" : 1187840,
            "80.000000" : 1417216,
            "90.000000" : 1875968,
            "95.000000" : 2506752,
            "99.000000" : 5210112,
            "99.500000" : 7176192,
            "99.900000" : 15269888,
            "99.950000" : 19267584,
            "99.990000" : 31064064
          }
        },
        "lat_ns" : {
          "min" : 112909,
          "max" : 59781454,
          "mean" : 1130897.970687,
          "stddev" : 1160804.341118,
          "N" : 564557
        },
        "bw_min" : 645092,
        "bw_max" : 1208456,
        "bw_agg" : 100.000000,
        "bw_mean" : 902912.210526,
        "bw_dev" : 2406.803127,
        "bw_samples" : 1216,
        "iops_min" : 40308,
        "iops_max" : 75520,
        "iops_mean" : 56424.526316,
        "iops_stddev" : 150.421083,
        "iops_samples" : 1216
      },
      "write" : {
        "io_bytes" : 0,
        "io_kbytes" : 0,
        "bw_bytes" : 0,
        "bw" : 0,
        "iops" : 0.000000,
        "runtime" : 0,
        "total_ios" : 0,
        "short_ios" : 0,
        "drop_ios" : 0,
        "slat_ns" : {
          "min" : 0,
          "max" : 0,
          "mean" : 0.000000,
          "stddev" : 0.000000,
          "N" : 0
        },
        "clat_ns" : {
          "min" : 0,
          "max" : 0,
          "mean" : 0.000000,
          "stddev" : 0.000000,
          "N" : 0
        },
        "lat_ns" : {
          "min" : 0,
          "max" : 0,
          "mean" : 0.000000,
          "stddev" : 0.000000,
          "N" : 0
        },
        "bw_min" : 0,
        "bw_max" : 0,
        "bw_agg" : 0.000000,
        "bw_mean" : 0.000000,
        "bw_dev" : 0.000000,
        "bw_samples" : 0,
        "iops_min" : 0,
        "iops_max" : 0,
        "iops_mean" : 0.000000,
        "iops_stddev" : 0.000000,
        "iops_samples" : 0
      },
      "trim" : {
        "io_bytes" : 0,
        "io_kbytes" : 0,
        "bw_bytes" : 0,
        "bw" : 0,
        "iops" : 0.000000,
        "runtime" : 0,
        "total_ios" : 0,
        "short_ios" : 0,
        "drop_ios" : 0,
        "slat_ns" : {
          "min" : 0,
          "max" : 0,
          "mean" : 0.000000,
          "stddev" : 0.000000,
          "N" : 0
        },
        "clat_ns" : {
          "min" : 0,
          "max" : 0,
          "mean" : 0.000000,
          "stddev" : 0.000000,
          "N" : 0
        },
        "lat_ns" : {
          "min" : 0,
          "max" : 0,
          "mean" : 0.000000,
          "stddev" : 0.000000,
          "N" : 0
        },
        "bw_min" : 0,
        "bw_max" : 0,
        "bw_agg" : 0.000000,
        "bw_mean" : 0.000000,
        "bw_dev" : 0.000000,
        "bw_samples" : 0,
        "iops_min" : 0,
        "iops_max" : 0,
        "iops_mean" : 0.000000,
        "iops_stddev" : 0.000000,
        "iops_samples" : 0
      },
      "sync" : {
        "total_ios" : 0,
        "lat_ns" : {
          "min" : 0,
          "max" : 0,
          "mean" : 0.000000,
          "stddev" : 0.000000,
          "N" : 0
        }
      },
      "job_runtime" : 640035,
      "usr_cpu" : 0.134368,
      "sys_cpu" : 3.278571,
      "ctx" : 613116,
      "majf" : 0,
      "minf" : 1082,
      "iodepth_level" : {
        "1" : 100.000000,
        "2" : 0.000000,
        "4" : 0.000000,
        "8" : 0.000000,
        "16" : 0.000000,
        "32" : 0.000000,
        ">=64" : 0.000000
      },
      "iodepth_submit" : {
        "0" : 0.000000,
        "4" : 100.000000,
        "8" : 0.000000,
        "16" : 0.000000,
        "32" : 0.000000,
        "64" : 0.000000,
        ">=64" : 0.000000
      },
      "iodepth_complete" : {
        "0" : 0.000000,
        "4" : 100.000000,
        "8" : 0.000000,
        "16" : 0.000000,
        "32" : 0.000000,
        "64" : 0.000000,
        ">=64" : 0.000000
      },
      "latency_ns" : {
        "2" : 0.000000,
        "4" : 0.000000,
        "10" : 0.000000,
        "20" : 0.000000,
        "50" : 0.000000,
        "100" : 0.000000,
        "250" : 0.000000,
        "500" : 0.000000,
        "750" : 0.000000,
        "1000" : 0.000000
      },
      "latency_us" : {
        "2" : 0.000000,
        "4" : 0.000000,
        "10" : 0.000000,
        "20" : 0.000000,
        "50" : 0.000000,
        "100" : 0.000000,
        "250" : 0.242845,
        "500" : 15.898837,
        "750" : 21.463377,
        "1000" : 19.760626
      },
      "latency_ms" : {
        "2" : 34.055020,
        "4" : 6.842356,
        "10" : 1.493560,
        "20" : 0.198740,
        "50" : 0.043928,
        "100" : 0.010000,
        "250" : 0.000000,
        "500" : 0.000000,
        "750" : 0.000000,
        "1000" : 0.000000,
        "2000" : 0.000000,
        ">=2000" : 0.000000
      },
      "latency_depth" : 1,
      "latency_target" : 0,
      "latency_percentile" : 100.000000,
      "latency_window" : 0
    }
  ],
  "disk_util" : [
    {
      "name" : "sda",
      "read_ios" : 548766,
      "write_ios" : 0,
      "read_merges" : 15027,
      "write_merges" : 0,
      "read_ticks" : 365170,
      "write_ticks" : 0,
      "in_queue" : 365170,
      "util" : 99.169796
    }
  ]
}
