{
  "fio version" : "fio-3.26",
  "timestamp" : 1623498607,
  "timestamp_ms" : 1623498607141,
  "time" : "Sat Jun 12 20:50:07 2021",
  "global options" : {
    "filename" : "./fio_data.bin",
    "direct" : "1",
    "rw" : "read",
    "bs" : "256k",
    "size" : "2G",
    "numjobs" : "64",
    "runtime" : "10"
  },
  "jobs" : [
    {
      "jobname" : "virtualbox-read-256k",
      "groupid" : 0,
      "error" : 0,
      "eta" : 0,
      "elapsed" : 11,
      "job options" : {
        "name" : "virtualbox-read-256k"
      },
      "read" : {
        "io_bytes" : 15495069696,
        "io_kbytes" : 15131904,
        "bw_bytes" : 1547649789,
        "bw" : 1511376,
        "iops" : 5903.815421,
        "runtime" : 10012,
        "total_ios" : 59109,
        "short_ios" : 0,
        "drop_ios" : 0,
        "slat_ns" : {
          "min" : 0,
          "max" : 0,
          "mean" : 0.000000,
          "stddev" : 0.000000,
          "N" : 0
        },
        "clat_ns" : {
          "min" : 300693,
          "max" : 19710826,
          "mean" : 10824634.795023,
          "stddev" : 661970.356500,
          "N" : 59109,
          "percentile" : {
            "1.000000" : 9502720,
            "5.000000" : 10027008,
            "10.000000" : 10158080,
            "20.000000" : 10420224,
            "30.000000" : 10551296,
            "40.000000" : 10682368,
            "50.000000" : 10813440,
            "60.000000" : 10944512,
            "70.000000" : 11075584,
            "80.000000" : 11206656,
            "90.000000" : 11468800,
            "95.000000" : 11862016,
            "99.000000" : 12517376,
            "99.500000" : 13041664,
            "99.900000" : 14221312,
            "99.950000" : 15007744,
            "99.990000" : 15925248
          }
        },
        "lat_ns" : {
          "min" : 300892,
          "max" : 19711222,
          "mean" : 10824809.513289,
          "stddev" : 661967.287601,
          "N" : 59109
        },
        "bw_min" : 1471167,
        "bw_max" : 1565991,
        "bw_agg" : 100.000000,
        "bw_mean" : 1513694.736842,
        "bw_dev" : 394.474293,
        "bw_samples" : 1216,
        "iops_min" : 5729,
        "iops_max" : 6116,
        "iops_mean" : 5906.526316,
        "iops_stddev" : 1.587475,
        "iops_samples" : 1216
      },
      "write" : {
        "io_bytes" : 0,
        "io_kbytes" : 0,
        "bw_bytes" : 0,
        "bw" : 0,
        "iops" : 0.000000,
        "runtime" : 0,
        "total_ios" : 0,
        "short_ios" : 0,
        "drop_ios" : 0,
        "slat_ns" : {
          "min" : 0,
          "max" : 0,
          "mean" : 0.000000,
          "stddev" : 0.000000,
          "N" : 0
        },
        "clat_ns" : {
          "min" : 0,
          "max" : 0,
          "mean" : 0.000000,
          "stddev" : 0.000000,
          "N" : 0
        },
        "lat_ns" : {
          "min" : 0,
          "max" : 0,
          "mean" : 0.000000,
          "stddev" : 0.000000,
          "N" : 0
        },
        "bw_min" : 0,
        "bw_max" : 0,
        "bw_agg" : 0.000000,
        "bw_mean" : 0.000000,
        "bw_dev" : 0.000000,
        "bw_samples" : 0,
        "iops_min" : 0,
        "iops_max" : 0,
        "iops_mean" : 0.000000,
        "iops_stddev" : 0.000000,
        "iops_samples" : 0
      },
      "trim" : {
        "io_bytes" : 0,
        "io_kbytes" : 0,
        "bw_bytes" : 0,
        "bw" : 0,
        "iops" : 0.000000,
        "runtime" : 0,
        "total_ios" : 0,
        "short_ios" : 0,
        "drop_ios" : 0,
        "slat_ns" : {
          "min" : 0,
          "max" : 0,
          "mean" : 0.000000,
          "stddev" : 0.000000,
          "N" : 0
        },
        "clat_ns" : {
          "min" : 0,
          "max" : 0,
          "mean" : 0.000000,
          "stddev" : 0.000000,
          "N" : 0
        },
        "lat_ns" : {
          "min" : 0,
          "max" : 0,
          "mean" : 0.000000,
          "stddev" : 0.000000,
          "N" : 0
        },
        "bw_min" : 0,
        "bw_max" : 0,
        "bw_agg" : 0.000000,
        "bw_mean" : 0.000000,
        "bw_dev" : 0.000000,
        "bw_samples" : 0,
        "iops_min" : 0,
        "iops_max" : 0,
        "iops_mean" : 0.000000,
        "iops_stddev" : 0.000000,
        "iops_samples" : 0
      },
      "sync" : {
        "total_ios" : 0,
        "lat_ns" : {
          "min" : 0,
          "max" : 0,
          "mean" : 0.000000,
          "stddev" : 0.000000,
          "N" : 0
        }
      },
      "job_runtime" : 640296,
      "usr_cpu" : 0.036546,
      "sys_cpu" : 0.215681,
      "ctx" : 60024,
      "majf" : 0,
      "minf" : 4777,
      "iodepth_level" : {
        "1" : 100.000000,
        "2" : 0.000000,
        "4" : 0.000000,
        "8" : 0.000000,
        "16" : 0.000000,
        "32" : 0.000000,
        ">=64" : 0.000000
      },
      "iodepth_submit" : {
        "0" : 0.000000,
        "4" : 100.000000,
        "8" : 0.000000,
        "16" : 0.000000,
        "32" : 0.000000,
        "64" : 0.000000,
        ">=64" : 0.000000
      },
      "iodepth_complete" : {
        "0" : 0.000000,
        "4" : 100.000000,
        "8" : 0.000000,
        "16" : 0.000000,
        "32" : 0.000000,
        "64" : 0.000000,
        ">=64" : 0.000000
      },
      "latency_ns" : {
        "2" : 0.000000,
        "4" : 0.000000,
        "10" : 0.000000,
        "20" : 0.000000,
        "50" : 0.000000,
        "100" : 0.000000,
        "250" : 0.000000,
        "500" : 0.000000,
        "750" : 0.000000,
        "1000" : 0.000000
      },
      "latency_us" : {
        "2" : 0.000000,
        "4" : 0.000000,
        "10" : 0.000000,
        "20" : 0.000000,
        "50" : 0.000000,
        "100" : 0.000000,
        "250" : 0.000000,
        "500" : 0.010000,
        "750" : 0.016918,
        "1000" : 0.010000
      },
      "latency_ms" : {
        "2" : 0.027069,
        "4" : 0.032144,
        "10" : 5.049992,
        "20" : 94.863726,
        "50" : 0.000000,
        "100" : 0.000000,
        "250" : 0.000000,
        "500" : 0.000000,
        "750" : 0.000000,
        "1000" : 0.000000,
        "2000" : 0.000000,
        ">=2000" : 0.000000
      },
      "latency_depth" : 1,
      "latency_target" : 0,
      "latency_percentile" : 100.000000,
      "latency_window" : 0
    }
  ],
  "disk_util" : [
    {
      "name" : "sda",
      "read_ios" : 31077,
      "write_ios" : 4,
      "read_merges" : 27755,
      "write_merges" : 4,
      "read_ticks" : 334663,
      "write_ticks" : 40,
      "in_queue" : 334720,
      "util" : 98.879635
    }
  ]
}
