{
  "fio version" : "fio-3.26",
  "timestamp" : 1623498535,
  "timestamp_ms" : 1623498535028,
  "time" : "Sat Jun 12 20:48:55 2021",
  "global options" : {
    "filename" : "./fio_data.bin",
    "direct" : "1",
    "rw" : "read",
    "bs" : "4k",
    "size" : "2G",
    "numjobs" : "64",
    "runtime" : "10"
  },
  "jobs" : [
    {
      "jobname" : "virtualbox-read-4k",
      "groupid" : 0,
      "error" : 0,
      "eta" : 0,
      "elapsed" : 11,
      "job options" : {
        "name" : "virtualbox-read-4k"
      },
      "read" : {
        "io_bytes" : 2725232640,
        "io_kbytes" : 2661360,
        "bw_bytes" : 272468770,
        "bw" : 266082,
        "iops" : 66520.695861,
        "runtime" : 10002,
        "total_ios" : 665340,
        "short_ios" : 0,
        "drop_ios" : 0,
        "slat_ns" : {
          "min" : 0,
          "max" : 0,
          "mean" : 0.000000,
          "stddev" : 0.000000,
          "N" : 0
        },
        "clat_ns" : {
          "min" : 67216,
          "max" : 82175710,
          "mean" : 959898.128928,
          "stddev" : 1051313.543764,
          "N" : 665340,
          "percentile" : {
            "1.000000" : 166912,
            "5.000000" : 201728,
            "10.000000" : 250880,
            "20.000000" : 626688,
            "30.000000" : 741376,
            "40.000000" : 823296,
            "50.000000" : 897024,
            "60.000000" : 970752,
            "70.000000" : 1056768,
            "80.000000" : 1155072,
            "90.000000" : 1368064,
            "95.000000" : 1662976,
            "99.000000" : 2998272,
            "99.500000" : 4685824,
            "99.900000" : 15269888,
            "99.950000" : 21102592,
            "99.990000" : 35389440
          }
        },
        "lat_ns" : {
          "min" : 67310,
          "max" : 82175931,
          "mean" : 960143.199693,
          "stddev" : 1051741.851484,
          "N" : 665340
        },
        "bw_min" : 191816,
        "bw_max" : 359224,
        "bw_agg" : 99.877939,
        "bw_mean" : 265758.684211,
        "bw_dev" : 638.429724,
        "bw_samples" : 1216,
        "iops_min" : 47937,
        "iops_max" : 89799,
        "iops_mean" : 66428.052632,
        "iops_stddev" : 159.609537,
        "iops_samples" : 1216
      },
      "write" : {
        "io_bytes" : 0,
        "io_kbytes" : 0,
        "bw_bytes" : 0,
        "bw" : 0,
        "iops" : 0.000000,
        "runtime" : 0,
        "total_ios" : 0,
        "short_ios" : 0,
        "drop_ios" : 0,
        "slat_ns" : {
          "min" : 0,
          "max" : 0,
          "mean" : 0.000000,
          "stddev" : 0.000000,
          "N" : 0
        },
        "clat_ns" : {
          "min" : 0,
          "max" : 0,
          "mean" : 0.000000,
          "stddev" : 0.000000,
          "N" : 0
        },
        "lat_ns" : {
          "min" : 0,
          "max" : 0,
          "mean" : 0.000000,
          "stddev" : 0.000000,
          "N" : 0
        },
        "bw_min" : 0,
        "bw_max" : 0,
        "bw_agg" : 0.000000,
        "bw_mean" : 0.000000,
        "bw_dev" : 0.000000,
        "bw_samples" : 0,
        "iops_min" : 0,
        "iops_max" : 0,
        "iops_mean" : 0.000000,
        "iops_stddev" : 0.000000,
        "iops_samples" : 0
      },
      "trim" : {
        "io_bytes" : 0,
        "io_kbytes" : 0,
        "bw_bytes" : 0,
        "bw" : 0,
        "iops" : 0.000000,
        "runtime" : 0,
        "total_ios" : 0,
        "short_ios" : 0,
        "drop_ios" : 0,
        "slat_ns" : {
          "min" : 0,
          "max" : 0,
          "mean" : 0.000000,
          "stddev" : 0.000000,
          "N" : 0
        },
        "clat_ns" : {
          "min" : 0,
          "max" : 0,
          "mean" : 0.000000,
          "stddev" : 0.000000,
          "N" : 0
        },
        "lat_ns" : {
          "min" : 0,
          "max" : 0,
          "mean" : 0.000000,
          "stddev" : 0.000000,
          "N" : 0
        },
        "bw_min" : 0,
        "bw_max" : 0,
        "bw_agg" : 0.000000,
        "bw_mean" : 0.000000,
        "bw_dev" : 0.000000,
        "bw_samples" : 0,
        "iops_min" : 0,
        "iops_max" : 0,
        "iops_mean" : 0.000000,
        "iops_stddev" : 0.000000,
        "iops_samples" : 0
      },
      "sync" : {
        "total_ios" : 0,
        "lat_ns" : {
          "min" : 0,
          "max" : 0,
          "mean" : 0.000000,
          "stddev" : 0.000000,
          "N" : 0
        }
      },
      "job_runtime" : 640007,
      "usr_cpu" : 0.144217,
      "sys_cpu" : 4.144017,
      "ctx" : 668979,
      "majf" : 0,
      "minf" : 902,
      "iodepth_level" : {
        "1" : 100.000000,
        "2" : 0.000000,
        "4" : 0.000000,
        "8" : 0.000000,
        "16" : 0.000000,
        "32" : 0.000000,
        ">=64" : 0.000000
      },
      "iodepth_submit" : {
        "0" : 0.000000,
        "4" : 100.000000,
        "8" : 0.000000,
        "16" : 0.000000,
        "32" : 0.000000,
        "64" : 0.000000,
        ">=64" : 0.000000
      },
      "iodepth_complete" : {
        "0" : 0.000000,
        "4" : 100.000000,
        "8" : 0.000000,
        "16" : 0.000000,
        "32" : 0.000000,
        "64" : 0.000000,
        ">=64" : 0.000000
      },
      "latency_ns" : {
        "2" : 0.000000,
        "4" : 0.000000,
        "10" : 0.000000,
        "20" : 0.000000,
        "50" : 0.000000,
        "100" : 0.000000,
        "250" : 0.000000,
        "500" : 0.000000,
        "750" : 0.000000,
        "1000" : 0.000000
      },
      "latency_us" : {
        "2" : 0.000000,
        "4" : 0.000000,
        "10" : 0.000000,
        "20" : 0.000000,
        "50" : 0.000000,
        "100" : 0.010000,
        "250" : 9.887276,
        "500" : 4.946343,
        "750" : 16.372682,
        "1000" : 32.916554
      },
      "latency_ms" : {
        "2" : 33.218655,
        "4" : 2.034298,
        "10" : 0.420086,
        "20" : 0.146542,
        "50" : 0.052304,
        "100" : 0.010000,
        "250" : 0.000000,
        "500" : 0.000000,
        "750" : 0.000000,
        "1000" : 0.000000,
        "2000" : 0.000000,
        ">=2000" : 0.000000
      },
      "latency_depth" : 1,
      "latency_target" : 0,
      "latency_percentile" : 100.000000,
      "latency_window" : 0
    }
  ],
  "disk_util" : [
    {
      "name" : "sda",
      "read_ios" : 662892,
      "write_ios" : 0,
      "read_merges" : 158,
      "write_merges" : 0,
      "read_ticks" : 143632,
      "write_ticks" : 0,
      "in_queue" : 143633,
      "util" : 98.436882
    }
  ]
}
