{
  "fio version" : "fio-3.26",
  "timestamp" : 1623498571,
  "timestamp_ms" : 1623498571210,
  "time" : "Sat Jun 12 20:49:31 2021",
  "global options" : {
    "filename" : "./fio_data.bin",
    "direct" : "1",
    "rw" : "read",
    "bs" : "32k",
    "size" : "2G",
    "numjobs" : "64",
    "runtime" : "10"
  },
  "jobs" : [
    {
      "jobname" : "virtualbox-read-32k",
      "groupid" : 0,
      "error" : 0,
      "eta" : 0,
      "elapsed" : 11,
      "job options" : {
        "name" : "virtualbox-read-32k"
      },
      "read" : {
        "io_bytes" : 12469043200,
        "io_kbytes" : 12176800,
        "bw_bytes" : 1246156626,
        "bw" : 1216949,
        "iops" : 38029.682191,
        "runtime" : 10006,
        "total_ios" : 380525,
        "short_ios" : 0,
        "drop_ios" : 0,
        "slat_ns" : {
          "min" : 0,
          "max" : 0,
          "mean" : 0.000000,
          "stddev" : 0.000000,
          "N" : 0
        },
        "clat_ns" : {
          "min" : 158168,
          "max" : 74519399,
          "mean" : 1680506.034967,
          "stddev" : 773973.065555,
          "N" : 380525,
          "percentile" : {
            "1.000000" : 774144,
            "5.000000" : 1269760,
            "10.000000" : 1368064,
            "20.000000" : 1466368,
            "30.000000" : 1531904,
            "40.000000" : 1597440,
            "50.000000" : 1646592,
            "60.000000" : 1695744,
            "70.000000" : 1761280,
            "80.000000" : 1826816,
            "90.000000" : 1957888,
            "95.000000" : 2146304,
            "99.000000" : 2867200,
            "99.500000" : 3358720,
            "99.900000" : 5734400,
            "99.950000" : 6782976,
            "99.990000" : 54788096
          }
        },
        "lat_ns" : {
          "min" : 158268,
          "max" : 74519450,
          "mean" : 1680666.012028,
          "stddev" : 773999.976600,
          "N" : 380525
        },
        "bw_min" : 1084398,
        "bw_max" : 1305134,
        "bw_agg" : 99.935591,
        "bw_mean" : 1216166.842105,
        "bw_dev" : 822.200471,
        "bw_samples" : 1216,
        "iops_min" : 33865,
        "iops_max" : 40774,
        "iops_mean" : 37995.578947,
        "iops_stddev" : 25.737824,
        "iops_samples" : 1216
      },
      "write" : {
        "io_bytes" : 0,
        "io_kbytes" : 0,
        "bw_bytes" : 0,
        "bw" : 0,
        "iops" : 0.000000,
        "runtime" : 0,
        "total_ios" : 0,
        "short_ios" : 0,
        "drop_ios" : 0,
        "slat_ns" : {
          "min" : 0,
          "max" : 0,
          "mean" : 0.000000,
          "stddev" : 0.000000,
          "N" : 0
        },
        "clat_ns" : {
          "min" : 0,
          "max" : 0,
          "mean" : 0.000000,
          "stddev" : 0.000000,
          "N" : 0
        },
        "lat_ns" : {
          "min" : 0,
          "max" : 0,
          "mean" : 0.000000,
          "stddev" : 0.000000,
          "N" : 0
        },
        "bw_min" : 0,
        "bw_max" : 0,
        "bw_agg" : 0.000000,
        "bw_mean" : 0.000000,
        "bw_dev" : 0.000000,
        "bw_samples" : 0,
        "iops_min" : 0,
        "iops_max" : 0,
        "iops_mean" : 0.000000,
        "iops_stddev" : 0.000000,
        "iops_samples" : 0
      },
      "trim" : {
        "io_bytes" : 0,
        "io_kbytes" : 0,
        "bw_bytes" : 0,
        "bw" : 0,
        "iops" : 0.000000,
        "runtime" : 0,
        "total_ios" : 0,
        "short_ios" : 0,
        "drop_ios" : 0,
        "slat_ns" : {
          "min" : 0,
          "max" : 0,
          "mean" : 0.000000,
          "stddev" : 0.000000,
          "N" : 0
        },
        "clat_ns" : {
          "min" : 0,
          "max" : 0,
          "mean" : 0.000000,
          "stddev" : 0.000000,
          "N" : 0
        },
        "lat_ns" : {
          "min" : 0,
          "max" : 0,
          "mean" : 0.000000,
          "stddev" : 0.000000,
          "N" : 0
        },
        "bw_min" : 0,
        "bw_max" : 0,
        "bw_agg" : 0.000000,
        "bw_mean" : 0.000000,
        "bw_dev" : 0.000000,
        "bw_samples" : 0,
        "iops_min" : 0,
        "iops_max" : 0,
        "iops_mean" : 0.000000,
        "iops_stddev" : 0.000000,
        "iops_samples" : 0
      },
      "sync" : {
        "total_ios" : 0,
        "lat_ns" : {
          "min" : 0,
          "max" : 0,
          "mean" : 0.000000,
          "stddev" : 0.000000,
          "N" : 0
        }
      },
      "job_runtime" : 640016,
      "usr_cpu" : 0.107185,
      "sys_cpu" : 0.995756,
      "ctx" : 402752,
      "majf" : 0,
      "minf" : 1386,
      "iodepth_level" : {
        "1" : 100.000000,
        "2" : 0.000000,
        "4" : 0.000000,
        "8" : 0.000000,
        "16" : 0.000000,
        "32" : 0.000000,
        ">=64" : 0.000000
      },
      "iodepth_submit" : {
        "0" : 0.000000,
        "4" : 100.000000,
        "8" : 0.000000,
        "16" : 0.000000,
        "32" : 0.000000,
        "64" : 0.000000,
        ">=64" : 0.000000
      },
      "iodepth_complete" : {
        "0" : 0.000000,
        "4" : 100.000000,
        "8" : 0.000000,
        "16" : 0.000000,
        "32" : 0.000000,
        "64" : 0.000000,
        ">=64" : 0.000000
      },
      "latency_ns" : {
        "2" : 0.000000,
        "4" : 0.000000,
        "10" : 0.000000,
        "20" : 0.000000,
        "50" : 0.000000,
        "100" : 0.000000,
        "250" : 0.000000,
        "500" : 0.000000,
        "750" : 0.000000,
        "1000" : 0.000000
      },
      "latency_us" : {
        "2" : 0.000000,
        "4" : 0.000000,
        "10" : 0.000000,
        "20" : 0.000000,
        "50" : 0.000000,
        "100" : 0.000000,
        "250" : 0.010000,
        "500" : 0.263320,
        "750" : 0.668813,
        "1000" : 0.733986
      },
      "latency_ms" : {
        "2" : 89.888444,
        "4" : 8.124828,
        "10" : 0.283556,
        "20" : 0.011563,
        "50" : 0.010249,
        "100" : 0.010775,
        "250" : 0.000000,
        "500" : 0.000000,
        "750" : 0.000000,
        "1000" : 0.000000,
        "2000" : 0.000000,
        ">=2000" : 0.000000
      },
      "latency_depth" : 1,
      "latency_target" : 0,
      "latency_percentile" : 100.000000,
      "latency_window" : 0
    }
  ],
  "disk_util" : [
    {
      "name" : "sda",
      "read_ios" : 257019,
      "write_ios" : 4,
      "read_merges" : 122156,
      "write_merges" : 4,
      "read_ticks" : 408724,
      "write_ticks" : 13,
      "in_queue" : 408745,
      "util" : 98.933649
    }
  ]
}
