{
  "fio version" : "fio-3.1",
  "timestamp" : 1623466747,
  "timestamp_ms" : 1623466747972,
  "time" : "Sat Jun 12 11:59:07 2021",
  "global options" : {
    "filename" : "./fio_data.bin",
    "direct" : "1",
    "rw" : "write",
    "bs" : "4k",
    "size" : "2G",
    "runtime" : "10"
  },
  "jobs" : [
    {
      "jobname" : "host-write-4k",
      "groupid" : 0,
      "error" : 0,
      "eta" : 0,
      "elapsed" : 11,
      "job options" : {
        "name" : "host-write-4k"
      },
      "read" : {
        "io_bytes" : 0,
        "io_kbytes" : 0,
        "bw" : 0,
        "iops" : 0.000000,
        "runtime" : 0,
        "total_ios" : 0,
        "short_ios" : 0,
        "drop_ios" : 0,
        "slat_ns" : {
          "min" : 0,
          "max" : 0,
          "mean" : 0.000000,
          "stddev" : 0.000000
        },
        "clat_ns" : {
          "min" : 0,
          "max" : 0,
          "mean" : 0.000000,
          "stddev" : 0.000000,
          "percentile" : {
            "1.000000" : 0,
            "5.000000" : 0,
            "10.000000" : 0,
            "20.000000" : 0,
            "30.000000" : 0,
            "40.000000" : 0,
            "50.000000" : 0,
            "60.000000" : 0,
            "70.000000" : 0,
            "80.000000" : 0,
            "90.000000" : 0,
            "95.000000" : 0,
            "99.000000" : 0,
            "99.500000" : 0,
            "99.900000" : 0,
            "99.950000" : 0,
            "99.990000" : 0,
            "0.00" : 0,
            "0.00" : 0,
            "0.00" : 0
          }
        },
        "lat_ns" : {
          "min" : 0,
          "max" : 0,
          "mean" : 0.000000,
          "stddev" : 0.000000
        },
        "bw_min" : 0,
        "bw_max" : 0,
        "bw_agg" : 0.000000,
        "bw_mean" : 0.000000,
        "bw_dev" : 0.000000,
        "bw_samples" : 0,
        "iops_min" : 0,
        "iops_max" : 0,
        "iops_mean" : 0.000000,
        "iops_stddev" : 0.000000,
        "iops_samples" : 0
      },
      "write" : {
        "io_bytes" : 2631348224,
        "io_kbytes" : 2569676,
        "bw" : 256890,
        "iops" : 64222.633210,
        "runtime" : 10003,
        "total_ios" : 642419,
        "short_ios" : 0,
        "drop_ios" : 0,
        "slat_ns" : {
          "min" : 0,
          "max" : 0,
          "mean" : 0.000000,
          "stddev" : 0.000000
        },
        "clat_ns" : {
          "min" : 11004,
          "max" : 16004797,
          "mean" : 995263.700887,
          "stddev" : 413027.953661,
          "percentile" : {
            "1.000000" : 11840,
            "5.000000" : 15808,
            "10.000000" : 913408,
            "20.000000" : 929792,
            "30.000000" : 937984,
            "40.000000" : 954368,
            "50.000000" : 970752,
            "60.000000" : 1003520,
            "70.000000" : 1044480,
            "80.000000" : 1105920,
            "90.000000" : 1204224,
            "95.000000" : 1400832,
            "99.000000" : 1941504,
            "99.500000" : 2088960,
            "99.900000" : 2441216,
            "99.950000" : 2932736,
            "99.990000" : 13041664,
            "0.00" : 0,
            "0.00" : 0,
            "0.00" : 0
          }
        },
        "lat_ns" : {
          "min" : 11081,
          "max" : 16004869,
          "mean" : 995441.200987,
          "stddev" : 413052.048213
        },
        "bw_min" : 2613,
        "bw_max" : 6517,
        "bw_agg" : 1.565581,
        "bw_mean" : 4021.821596,
        "bw_dev" : 481.082323,
        "bw_samples" : 1278,
        "iops_min" : 653,
        "iops_max" : 1629,
        "iops_mean" : 1005.299687,
        "iops_stddev" : 120.313263,
        "iops_samples" : 1278
      },
      "trim" : {
        "io_bytes" : 0,
        "io_kbytes" : 0,
        "bw" : 0,
        "iops" : 0.000000,
        "runtime" : 0,
        "total_ios" : 0,
        "short_ios" : 0,
        "drop_ios" : 0,
        "slat_ns" : {
          "min" : 0,
          "max" : 0,
          "mean" : 0.000000,
          "stddev" : 0.000000
        },
        "clat_ns" : {
          "min" : 0,
          "max" : 0,
          "mean" : 0.000000,
          "stddev" : 0.000000,
          "percentile" : {
            "1.000000" : 0,
            "5.000000" : 0,
            "10.000000" : 0,
            "20.000000" : 0,
            "30.000000" : 0,
            "40.000000" : 0,
            "50.000000" : 0,
            "60.000000" : 0,
            "70.000000" : 0,
            "80.000000" : 0,
            "90.000000" : 0,
            "95.000000" : 0,
            "99.000000" : 0,
            "99.500000" : 0,
            "99.900000" : 0,
            "99.950000" : 0,
            "99.990000" : 0,
            "0.00" : 0,
            "0.00" : 0,
            "0.00" : 0
          }
        },
        "lat_ns" : {
          "min" : 0,
          "max" : 0,
          "mean" : 0.000000,
          "stddev" : 0.000000
        },
        "bw_min" : 0,
        "bw_max" : 0,
        "bw_agg" : 0.000000,
        "bw_mean" : 0.000000,
        "bw_dev" : 0.000000,
        "bw_samples" : 0,
        "iops_min" : 0,
        "iops_max" : 0,
        "iops_mean" : 0.000000,
        "iops_stddev" : 0.000000,
        "iops_samples" : 0
      },
      "usr_cpu" : 0.248570,
      "sys_cpu" : 1.154892,
      "ctx" : 1261344,
      "majf" : 0,
      "minf" : 809,
      "iodepth_level" : {
        "1" : 100.000000,
        "2" : 0.000000,
        "4" : 0.000000,
        "8" : 0.000000,
        "16" : 0.000000,
        "32" : 0.000000,
        ">=64" : 0.000000
      },
      "latency_ns" : {
        "2" : 0.000000,
        "4" : 0.000000,
        "10" : 0.000000,
        "20" : 0.000000,
        "50" : 0.000000,
        "100" : 0.000000,
        "250" : 0.000000,
        "500" : 0.000000,
        "750" : 0.000000,
        "1000" : 0.000000
      },
      "latency_us" : {
        "2" : 0.000000,
        "4" : 0.000000,
        "10" : 0.000000,
        "20" : 5.413601,
        "50" : 0.348838,
        "100" : 0.010000,
        "250" : 0.010000,
        "500" : 0.010000,
        "750" : 0.010000,
        "1000" : 54.185820
      },
      "latency_ms" : {
        "2" : 39.313127,
        "4" : 0.681798,
        "10" : 0.000000,
        "20" : 0.049812,
        "50" : 0.000000,
        "100" : 0.000000,
        "250" : 0.000000,
        "500" : 0.000000,
        "750" : 0.000000,
        "1000" : 0.000000,
        "2000" : 0.000000,
        ">=2000" : 0.000000
      },
      "latency_depth" : 1,
      "latency_target" : 0,
      "latency_percentile" : 100.000000,
      "latency_window" : 0
    }
  ],
  "disk_util" : [
    {
      "name" : "nvme0n1",
      "read_ios" : 0,
      "write_ios" : 634280,
      "read_merges" : 0,
      "write_merges" : 48,
      "read_ticks" : 0,
      "write_ticks" : 6022,
      "in_queue" : 44,
      "util" : 98.939364
    }
  ]
}
