{
  "fio version" : "fio-3.1",
  "timestamp" : 1623466800,
  "timestamp_ms" : 1623466800134,
  "time" : "Sat Jun 12 12:00:00 2021",
  "global options" : {
    "filename" : "./fio_data.bin",
    "direct" : "1",
    "rw" : "write",
    "bs" : "128k",
    "size" : "2G",
    "runtime" : "10"
  },
  "jobs" : [
    {
      "jobname" : "host-write-128k",
      "groupid" : 0,
      "error" : 0,
      "eta" : 0,
      "elapsed" : 11,
      "job options" : {
        "name" : "host-write-128k"
      },
      "read" : {
        "io_bytes" : 0,
        "io_kbytes" : 0,
        "bw" : 0,
        "iops" : 0.000000,
        "runtime" : 0,
        "total_ios" : 0,
        "short_ios" : 0,
        "drop_ios" : 0,
        "slat_ns" : {
          "min" : 0,
          "max" : 0,
          "mean" : 0.000000,
          "stddev" : 0.000000
        },
        "clat_ns" : {
          "min" : 0,
          "max" : 0,
          "mean" : 0.000000,
          "stddev" : 0.000000,
          "percentile" : {
            "1.000000" : 0,
            "5.000000" : 0,
            "10.000000" : 0,
            "20.000000" : 0,
            "30.000000" : 0,
            "40.000000" : 0,
            "50.000000" : 0,
            "60.000000" : 0,
            "70.000000" : 0,
            "80.000000" : 0,
            "90.000000" : 0,
            "95.000000" : 0,
            "99.000000" : 0,
            "99.500000" : 0,
            "99.900000" : 0,
            "99.950000" : 0,
            "99.990000" : 0,
            "0.00" : 0,
            "0.00" : 0,
            "0.00" : 0
          }
        },
        "lat_ns" : {
          "min" : 0,
          "max" : 0,
          "mean" : 0.000000,
          "stddev" : 0.000000
        },
        "bw_min" : 0,
        "bw_max" : 0,
        "bw_agg" : 0.000000,
        "bw_mean" : 0.000000,
        "bw_dev" : 0.000000,
        "bw_samples" : 0,
        "iops_min" : 0,
        "iops_max" : 0,
        "iops_mean" : 0.000000,
        "iops_stddev" : 0.000000,
        "iops_samples" : 0
      },
      "write" : {
        "io_bytes" : 10971512832,
        "io_kbytes" : 10714368,
        "bw" : 1070580,
        "iops" : 8363.908873,
        "runtime" : 10008,
        "total_ios" : 83706,
        "short_ios" : 0,
        "drop_ios" : 0,
        "slat_ns" : {
          "min" : 0,
          "max" : 0,
          "mean" : 0.000000,
          "stddev" : 0.000000
        },
        "clat_ns" : {
          "min" : 57568,
          "max" : 33825888,
          "mean" : 7640409.756373,
          "stddev" : 4789635.161327,
          "percentile" : {
            "1.000000" : 71168,
            "5.000000" : 73216,
            "10.000000" : 77312,
            "20.000000" : 1351680,
            "30.000000" : 6717440,
            "40.000000" : 7307264,
            "50.000000" : 7700480,
            "60.000000" : 8159232,
            "70.000000" : 10158080,
            "80.000000" : 11468800,
            "90.000000" : 12779520,
            "95.000000" : 14876672,
            "99.000000" : 19267584,
            "99.500000" : 22413312,
            "99.900000" : 28704768,
            "99.950000" : 32112640,
            "99.990000" : 33816576,
            "0.00" : 0,
            "0.00" : 0,
            "0.00" : 0
          }
        },
        "lat_ns" : {
          "min" : 59260,
          "max" : 33830309,
          "mean" : 7644952.972702,
          "stddev" : 4789669.026181
        },
        "bw_min" : 7951,
        "bw_max" : 27502,
        "bw_agg" : 1.569834,
        "bw_mean" : 16806.326562,
        "bw_dev" : 4346.443770,
        "bw_samples" : 1280,
        "iops_min" : 62,
        "iops_max" : 214,
        "iops_mean" : 130.896094,
        "iops_stddev" : 33.960461,
        "iops_samples" : 1280
      },
      "trim" : {
        "io_bytes" : 0,
        "io_kbytes" : 0,
        "bw" : 0,
        "iops" : 0.000000,
        "runtime" : 0,
        "total_ios" : 0,
        "short_ios" : 0,
        "drop_ios" : 0,
        "slat_ns" : {
          "min" : 0,
          "max" : 0,
          "mean" : 0.000000,
          "stddev" : 0.000000
        },
        "clat_ns" : {
          "min" : 0,
          "max" : 0,
          "mean" : 0.000000,
          "stddev" : 0.000000,
          "percentile" : {
            "1.000000" : 0,
            "5.000000" : 0,
            "10.000000" : 0,
            "20.000000" : 0,
            "30.000000" : 0,
            "40.000000" : 0,
            "50.000000" : 0,
            "60.000000" : 0,
            "70.000000" : 0,
            "80.000000" : 0,
            "90.000000" : 0,
            "95.000000" : 0,
            "99.000000" : 0,
            "99.500000" : 0,
            "99.900000" : 0,
            "99.950000" : 0,
            "99.990000" : 0,
            "0.00" : 0,
            "0.00" : 0,
            "0.00" : 0
          }
        },
        "lat_ns" : {
          "min" : 0,
          "max" : 0,
          "mean" : 0.000000,
          "stddev" : 0.000000
        },
        "bw_min" : 0,
        "bw_max" : 0,
        "bw_agg" : 0.000000,
        "bw_mean" : 0.000000,
        "bw_dev" : 0.000000,
        "bw_samples" : 0,
        "iops_min" : 0,
        "iops_max" : 0,
        "iops_mean" : 0.000000,
        "iops_stddev" : 0.000000,
        "iops_samples" : 0
      },
      "usr_cpu" : 0.171049,
      "sys_cpu" : 0.732619,
      "ctx" : 167575,
      "majf" : 0,
      "minf" : 637,
      "iodepth_level" : {
        "1" : 100.000000,
        "2" : 0.000000,
        "4" : 0.000000,
        "8" : 0.000000,
        "16" : 0.000000,
        "32" : 0.000000,
        ">=64" : 0.000000
      },
      "latency_ns" : {
        "2" : 0.000000,
        "4" : 0.000000,
        "10" : 0.000000,
        "20" : 0.000000,
        "50" : 0.000000,
        "100" : 0.000000,
        "250" : 0.000000,
        "500" : 0.000000,
        "750" : 0.000000,
        "1000" : 0.000000
      },
      "latency_us" : {
        "2" : 0.000000,
        "4" : 0.000000,
        "10" : 0.000000,
        "20" : 0.000000,
        "50" : 0.000000,
        "100" : 15.762311,
        "250" : 4.163381,
        "500" : 0.010000,
        "750" : 0.010000,
        "1000" : 0.000000
      },
      "latency_ms" : {
        "2" : 0.191145,
        "4" : 0.044202,
        "10" : 48.832820,
        "20" : 30.190189,
        "50" : 0.812367,
        "100" : 0.000000,
        "250" : 0.000000,
        "500" : 0.000000,
        "750" : 0.000000,
        "1000" : 0.000000,
        "2000" : 0.000000,
        ">=2000" : 0.000000
      },
      "latency_depth" : 1,
      "latency_target" : 0,
      "latency_percentile" : 100.000000,
      "latency_window" : 0
    }
  ],
  "disk_util" : [
    {
      "name" : "nvme0n1",
      "read_ios" : 0,
      "write_ios" : 82529,
      "read_merges" : 0,
      "write_merges" : 98,
      "read_ticks" : 0,
      "write_ticks" : 7363,
      "in_queue" : 224,
      "util" : 98.929465
    }
  ]
}
