{
  "fio version" : "fio-3.26",
  "timestamp" : 1623499849,
  "timestamp_ms" : 1623499849726,
  "time" : "Sat Jun 12 21:10:49 2021",
  "global options" : {
    "filename" : "./fio_data.bin",
    "direct" : "1",
    "rw" : "write",
    "bs" : "32k",
    "size" : "2G",
    "numjobs" : "64",
    "runtime" : "10"
  },
  "jobs" : [
    {
      "jobname" : "kvm-write-32k",
      "groupid" : 0,
      "error" : 0,
      "eta" : 0,
      "elapsed" : 11,
      "job options" : {
        "name" : "kvm-write-32k"
      },
      "read" : {
        "io_bytes" : 0,
        "io_kbytes" : 0,
        "bw_bytes" : 0,
        "bw" : 0,
        "iops" : 0.000000,
        "runtime" : 0,
        "total_ios" : 0,
        "short_ios" : 0,
        "drop_ios" : 0,
        "slat_ns" : {
          "min" : 0,
          "max" : 0,
          "mean" : 0.000000,
          "stddev" : 0.000000,
          "N" : 0
        },
        "clat_ns" : {
          "min" : 0,
          "max" : 0,
          "mean" : 0.000000,
          "stddev" : 0.000000,
          "N" : 0
        },
        "lat_ns" : {
          "min" : 0,
          "max" : 0,
          "mean" : 0.000000,
          "stddev" : 0.000000,
          "N" : 0
        },
        "bw_min" : 0,
        "bw_max" : 0,
        "bw_agg" : 0.000000,
        "bw_mean" : 0.000000,
        "bw_dev" : 0.000000,
        "bw_samples" : 0,
        "iops_min" : 0,
        "iops_max" : 0,
        "iops_mean" : 0.000000,
        "iops_stddev" : 0.000000,
        "iops_samples" : 0
      },
      "write" : {
        "io_bytes" : 35039969280,
        "io_kbytes" : 34218720,
        "bw_bytes" : 3502946044,
        "bw" : 3420845,
        "iops" : 106901.429571,
        "runtime" : 10003,
        "total_ios" : 1069335,
        "short_ios" : 0,
        "drop_ios" : 0,
        "slat_ns" : {
          "min" : 0,
          "max" : 0,
          "mean" : 0.000000,
          "stddev" : 0.000000,
          "N" : 0
        },
        "clat_ns" : {
          "min" : 24125,
          "max" : 19284039,
          "mean" : 596035.445170,
          "stddev" : 339321.670236,
          "N" : 1069335,
          "percentile" : {
            "1.000000" : 73216,
            "5.000000" : 222208,
            "10.000000" : 313344,
            "20.000000" : 391168,
            "30.000000" : 444416,
            "40.000000" : 497664,
            "50.000000" : 544768,
            "60.000000" : 593920,
            "70.000000" : 659456,
            "80.000000" : 749568,
            "90.000000" : 921600,
            "95.000000" : 1122304,
            "99.000000" : 1728512,
            "99.500000" : 2056192,
            "99.900000" : 3162112,
            "99.950000" : 3915776,
            "99.990000" : 9240576
          }
        },
        "lat_ns" : {
          "min" : 24555,
          "max" : 19285136,
          "mean" : 597002.728573,
          "stddev" : 339799.152547,
          "N" : 1069335
        },
        "bw_min" : 2814706,
        "bw_max" : 3950080,
        "bw_agg" : 100.000000,
        "bw_mean" : 3424566.894737,
        "bw_dev" : 3943.671724,
        "bw_samples" : 1216,
        "iops_min" : 87938,
        "iops_max" : 123440,
        "iops_mean" : 107016.473684,
        "iops_stddev" : 123.284361,
        "iops_samples" : 1216
      },
      "trim" : {
        "io_bytes" : 0,
        "io_kbytes" : 0,
        "bw_bytes" : 0,
        "bw" : 0,
        "iops" : 0.000000,
        "runtime" : 0,
        "total_ios" : 0,
        "short_ios" : 0,
        "drop_ios" : 0,
        "slat_ns" : {
          "min" : 0,
          "max" : 0,
          "mean" : 0.000000,
          "stddev" : 0.000000,
          "N" : 0
        },
        "clat_ns" : {
          "min" : 0,
          "max" : 0,
          "mean" : 0.000000,
          "stddev" : 0.000000,
          "N" : 0
        },
        "lat_ns" : {
          "min" : 0,
          "max" : 0,
          "mean" : 0.000000,
          "stddev" : 0.000000,
          "N" : 0
        },
        "bw_min" : 0,
        "bw_max" : 0,
        "bw_agg" : 0.000000,
        "bw_mean" : 0.000000,
        "bw_dev" : 0.000000,
        "bw_samples" : 0,
        "iops_min" : 0,
        "iops_max" : 0,
        "iops_mean" : 0.000000,
        "iops_stddev" : 0.000000,
        "iops_samples" : 0
      },
      "sync" : {
        "total_ios" : 0,
        "lat_ns" : {
          "min" : 0,
          "max" : 0,
          "mean" : 0.000000,
          "stddev" : 0.000000,
          "N" : 0
        }
      },
      "job_runtime" : 640014,
      "usr_cpu" : 0.420460,
      "sys_cpu" : 2.104798,
      "ctx" : 1417507,
      "majf" : 0,
      "minf" : 1028,
      "iodepth_level" : {
        "1" : 100.000000,
        "2" : 0.000000,
        "4" : 0.000000,
        "8" : 0.000000,
        "16" : 0.000000,
        "32" : 0.000000,
        ">=64" : 0.000000
      },
      "iodepth_submit" : {
        "0" : 0.000000,
        "4" : 100.000000,
        "8" : 0.000000,
        "16" : 0.000000,
        "32" : 0.000000,
        "64" : 0.000000,
        ">=64" : 0.000000
      },
      "iodepth_complete" : {
        "0" : 0.000000,
        "4" : 100.000000,
        "8" : 0.000000,
        "16" : 0.000000,
        "32" : 0.000000,
        "64" : 0.000000,
        ">=64" : 0.000000
      },
      "latency_ns" : {
        "2" : 0.000000,
        "4" : 0.000000,
        "10" : 0.000000,
        "20" : 0.000000,
        "50" : 0.000000,
        "100" : 0.000000,
        "250" : 0.000000,
        "500" : 0.000000,
        "750" : 0.000000,
        "1000" : 0.000000
      },
      "latency_us" : {
        "2" : 0.000000,
        "4" : 0.000000,
        "10" : 0.000000,
        "20" : 0.000000,
        "50" : 0.182169,
        "100" : 1.781949,
        "250" : 4.035592,
        "500" : 34.862695,
        "750" : 39.389901,
        "1000" : 12.255187
      },
      "latency_ms" : {
        "2" : 6.938144,
        "4" : 0.507886,
        "10" : 0.037687,
        "20" : 0.010000,
        "50" : 0.000000,
        "100" : 0.000000,
        "250" : 0.000000,
        "500" : 0.000000,
        "750" : 0.000000,
        "1000" : 0.000000,
        "2000" : 0.000000,
        ">=2000" : 0.000000
      },
      "latency_depth" : 1,
      "latency_target" : 0,
      "latency_percentile" : 100.000000,
      "latency_window" : 0
    }
  ],
  "disk_util" : [
    {
      "name" : "vda",
      "read_ios" : 0,
      "write_ios" : 1060288,
      "read_merges" : 0,
      "write_merges" : 358,
      "read_ticks" : 0,
      "write_ticks" : 79304,
      "in_queue" : 79852,
      "util" : 99.450824
    }
  ]
}
