{
  "fio version" : "fio-3.26",
  "timestamp" : 1623499839,
  "timestamp_ms" : 1623499839488,
  "time" : "Sat Jun 12 21:10:39 2021",
  "global options" : {
    "filename" : "./fio_data.bin",
    "direct" : "1",
    "rw" : "write",
    "bs" : "16k",
    "size" : "2G",
    "numjobs" : "64",
    "runtime" : "10"
  },
  "jobs" : [
    {
      "jobname" : "kvm-write-16k",
      "groupid" : 0,
      "error" : 0,
      "eta" : 0,
      "elapsed" : 11,
      "job options" : {
        "name" : "kvm-write-16k"
      },
      "read" : {
        "io_bytes" : 0,
        "io_kbytes" : 0,
        "bw_bytes" : 0,
        "bw" : 0,
        "iops" : 0.000000,
        "runtime" : 0,
        "total_ios" : 0,
        "short_ios" : 0,
        "drop_ios" : 0,
        "slat_ns" : {
          "min" : 0,
          "max" : 0,
          "mean" : 0.000000,
          "stddev" : 0.000000,
          "N" : 0
        },
        "clat_ns" : {
          "min" : 0,
          "max" : 0,
          "mean" : 0.000000,
          "stddev" : 0.000000,
          "N" : 0
        },
        "lat_ns" : {
          "min" : 0,
          "max" : 0,
          "mean" : 0.000000,
          "stddev" : 0.000000,
          "N" : 0
        },
        "bw_min" : 0,
        "bw_max" : 0,
        "bw_agg" : 0.000000,
        "bw_mean" : 0.000000,
        "bw_dev" : 0.000000,
        "bw_samples" : 0,
        "iops_min" : 0,
        "iops_max" : 0,
        "iops_mean" : 0.000000,
        "iops_stddev" : 0.000000,
        "iops_samples" : 0
      },
      "write" : {
        "io_bytes" : 18946392064,
        "io_kbytes" : 18502336,
        "bw_bytes" : 1894070985,
        "bw" : 1849678,
        "iops" : 115604.918524,
        "runtime" : 10003,
        "total_ios" : 1156396,
        "short_ios" : 0,
        "drop_ios" : 0,
        "slat_ns" : {
          "min" : 0,
          "max" : 0,
          "mean" : 0.000000,
          "stddev" : 0.000000,
          "N" : 0
        },
        "clat_ns" : {
          "min" : 20645,
          "max" : 27187740,
          "mean" : 551457.176915,
          "stddev" : 346175.824434,
          "N" : 1156396,
          "percentile" : {
            "1.000000" : 57088,
            "5.000000" : 154624,
            "10.000000" : 264192,
            "20.000000" : 342016,
            "30.000000" : 395264,
            "40.000000" : 448512,
            "50.000000" : 493568,
            "60.000000" : 544768,
            "70.000000" : 602112,
            "80.000000" : 692224,
            "90.000000" : 888832,
            "95.000000" : 1138688,
            "99.000000" : 1777664,
            "99.500000" : 2113536,
            "99.900000" : 3096576,
            "99.950000" : 3751936,
            "99.990000" : 6586368
          }
        },
        "lat_ns" : {
          "min" : 20798,
          "max" : 27188244,
          "mean" : 551934.189675,
          "stddev" : 346486.825233,
          "N" : 1156396
        },
        "bw_min" : 1521319,
        "bw_max" : 2319104,
        "bw_agg" : 100.000000,
        "bw_mean" : 1854238.842105,
        "bw_dev" : 2762.051757,
        "bw_samples" : 1216,
        "iops_min" : 95082,
        "iops_max" : 144944,
        "iops_mean" : 115889.210526,
        "iops_stddev" : 172.632604,
        "iops_samples" : 1216
      },
      "trim" : {
        "io_bytes" : 0,
        "io_kbytes" : 0,
        "bw_bytes" : 0,
        "bw" : 0,
        "iops" : 0.000000,
        "runtime" : 0,
        "total_ios" : 0,
        "short_ios" : 0,
        "drop_ios" : 0,
        "slat_ns" : {
          "min" : 0,
          "max" : 0,
          "mean" : 0.000000,
          "stddev" : 0.000000,
          "N" : 0
        },
        "clat_ns" : {
          "min" : 0,
          "max" : 0,
          "mean" : 0.000000,
          "stddev" : 0.000000,
          "N" : 0
        },
        "lat_ns" : {
          "min" : 0,
          "max" : 0,
          "mean" : 0.000000,
          "stddev" : 0.000000,
          "N" : 0
        },
        "bw_min" : 0,
        "bw_max" : 0,
        "bw_agg" : 0.000000,
        "bw_mean" : 0.000000,
        "bw_dev" : 0.000000,
        "bw_samples" : 0,
        "iops_min" : 0,
        "iops_max" : 0,
        "iops_mean" : 0.000000,
        "iops_stddev" : 0.000000,
        "iops_samples" : 0
      },
      "sync" : {
        "total_ios" : 0,
        "lat_ns" : {
          "min" : 0,
          "max" : 0,
          "mean" : 0.000000,
          "stddev" : 0.000000,
          "N" : 0
        }
      },
      "job_runtime" : 640016,
      "usr_cpu" : 0.368116,
      "sys_cpu" : 2.155884,
      "ctx" : 1494743,
      "majf" : 0,
      "minf" : 967,
      "iodepth_level" : {
        "1" : 100.000000,
        "2" : 0.000000,
        "4" : 0.000000,
        "8" : 0.000000,
        "16" : 0.000000,
        "32" : 0.000000,
        ">=64" : 0.000000
      },
      "iodepth_submit" : {
        "0" : 0.000000,
        "4" : 100.000000,
        "8" : 0.000000,
        "16" : 0.000000,
        "32" : 0.000000,
        "64" : 0.000000,
        ">=64" : 0.000000
      },
      "iodepth_complete" : {
        "0" : 0.000000,
        "4" : 100.000000,
        "8" : 0.000000,
        "16" : 0.000000,
        "32" : 0.000000,
        "64" : 0.000000,
        ">=64" : 0.000000
      },
      "latency_ns" : {
        "2" : 0.000000,
        "4" : 0.000000,
        "10" : 0.000000,
        "20" : 0.000000,
        "50" : 0.000000,
        "100" : 0.000000,
        "250" : 0.000000,
        "500" : 0.000000,
        "750" : 0.000000,
        "1000" : 0.000000
      },
      "latency_us" : {
        "2" : 0.000000,
        "4" : 0.000000,
        "10" : 0.000000,
        "20" : 0.000000,
        "50" : 0.577138,
        "100" : 2.733493,
        "250" : 5.791182,
        "500" : 41.849678,
        "750" : 33.275625,
        "1000" : 8.435086
      },
      "latency_ms" : {
        "2" : 6.707304,
        "4" : 0.589331,
        "10" : 0.037012,
        "20" : 0.010000,
        "50" : 0.010000,
        "100" : 0.000000,
        "250" : 0.000000,
        "500" : 0.000000,
        "750" : 0.000000,
        "1000" : 0.000000,
        "2000" : 0.000000,
        ">=2000" : 0.000000
      },
      "latency_depth" : 1,
      "latency_target" : 0,
      "latency_percentile" : 100.000000,
      "latency_window" : 0
    }
  ],
  "disk_util" : [
    {
      "name" : "vda",
      "read_ios" : 0,
      "write_ios" : 1143861,
      "read_merges" : 0,
      "write_merges" : 113,
      "read_ticks" : 0,
      "write_ticks" : 71490,
      "in_queue" : 71855,
      "util" : 99.130000
    }
  ]
}
