{
  "fio version" : "fio-3.26",
  "timestamp" : 1623499772,
  "timestamp_ms" : 1623499772717,
  "time" : "Sat Jun 12 21:09:32 2021",
  "global options" : {
    "filename" : "./fio_data.bin",
    "direct" : "1",
    "rw" : "read",
    "bs" : "64k",
    "size" : "2G",
    "numjobs" : "64",
    "runtime" : "10"
  },
  "jobs" : [
    {
      "jobname" : "kvm-read-64k",
      "groupid" : 0,
      "error" : 0,
      "eta" : 0,
      "elapsed" : 11,
      "job options" : {
        "name" : "kvm-read-64k"
      },
      "read" : {
        "io_bytes" : 65016168448,
        "io_kbytes" : 63492352,
        "bw_bytes" : 6499666944,
        "bw" : 6347331,
        "iops" : 99177.046886,
        "runtime" : 10003,
        "total_ios" : 992068,
        "short_ios" : 0,
        "drop_ios" : 0,
        "slat_ns" : {
          "min" : 0,
          "max" : 0,
          "mean" : 0.000000,
          "stddev" : 0.000000,
          "N" : 0
        },
        "clat_ns" : {
          "min" : 31149,
          "max" : 59947305,
          "mean" : 642558.041641,
          "stddev" : 302444.858044,
          "N" : 992068,
          "percentile" : {
            "1.000000" : 116224,
            "5.000000" : 370688,
            "10.000000" : 411648,
            "20.000000" : 464896,
            "30.000000" : 509952,
            "40.000000" : 561152,
            "50.000000" : 610304,
            "60.000000" : 667648,
            "70.000000" : 733184,
            "80.000000" : 806912,
            "90.000000" : 913408,
            "95.000000" : 1011712,
            "99.000000" : 1253376,
            "99.500000" : 1400832,
            "99.900000" : 2146304,
            "99.950000" : 2703360,
            "99.990000" : 4554752
          }
        },
        "lat_ns" : {
          "min" : 31259,
          "max" : 59947364,
          "mean" : 642752.444257,
          "stddev" : 302694.928536,
          "N" : 992068
        },
        "bw_min" : 5673472,
        "bw_max" : 7939035,
        "bw_agg" : 100.000000,
        "bw_mean" : 6361777.368421,
        "bw_dev" : 9724.510958,
        "bw_samples" : 1216,
        "iops_min" : 88648,
        "iops_max" : 124047,
        "iops_mean" : 99402.157895,
        "iops_stddev" : 151.946100,
        "iops_samples" : 1216
      },
      "write" : {
        "io_bytes" : 0,
        "io_kbytes" : 0,
        "bw_bytes" : 0,
        "bw" : 0,
        "iops" : 0.000000,
        "runtime" : 0,
        "total_ios" : 0,
        "short_ios" : 0,
        "drop_ios" : 0,
        "slat_ns" : {
          "min" : 0,
          "max" : 0,
          "mean" : 0.000000,
          "stddev" : 0.000000,
          "N" : 0
        },
        "clat_ns" : {
          "min" : 0,
          "max" : 0,
          "mean" : 0.000000,
          "stddev" : 0.000000,
          "N" : 0
        },
        "lat_ns" : {
          "min" : 0,
          "max" : 0,
          "mean" : 0.000000,
          "stddev" : 0.000000,
          "N" : 0
        },
        "bw_min" : 0,
        "bw_max" : 0,
        "bw_agg" : 0.000000,
        "bw_mean" : 0.000000,
        "bw_dev" : 0.000000,
        "bw_samples" : 0,
        "iops_min" : 0,
        "iops_max" : 0,
        "iops_mean" : 0.000000,
        "iops_stddev" : 0.000000,
        "iops_samples" : 0
      },
      "trim" : {
        "io_bytes" : 0,
        "io_kbytes" : 0,
        "bw_bytes" : 0,
        "bw" : 0,
        "iops" : 0.000000,
        "runtime" : 0,
        "total_ios" : 0,
        "short_ios" : 0,
        "drop_ios" : 0,
        "slat_ns" : {
          "min" : 0,
          "max" : 0,
          "mean" : 0.000000,
          "stddev" : 0.000000,
          "N" : 0
        },
        "clat_ns" : {
          "min" : 0,
          "max" : 0,
          "mean" : 0.000000,
          "stddev" : 0.000000,
          "N" : 0
        },
        "lat_ns" : {
          "min" : 0,
          "max" : 0,
          "mean" : 0.000000,
          "stddev" : 0.000000,
          "N" : 0
        },
        "bw_min" : 0,
        "bw_max" : 0,
        "bw_agg" : 0.000000,
        "bw_mean" : 0.000000,
        "bw_dev" : 0.000000,
        "bw_samples" : 0,
        "iops_min" : 0,
        "iops_max" : 0,
        "iops_mean" : 0.000000,
        "iops_stddev" : 0.000000,
        "iops_samples" : 0
      },
      "sync" : {
        "total_ios" : 0,
        "lat_ns" : {
          "min" : 0,
          "max" : 0,
          "mean" : 0.000000,
          "stddev" : 0.000000,
          "N" : 0
        }
      },
      "job_runtime" : 640014,
      "usr_cpu" : 0.442334,
      "sys_cpu" : 2.112141,
      "ctx" : 999462,
      "majf" : 0,
      "minf" : 1778,
      "iodepth_level" : {
        "1" : 100.000000,
        "2" : 0.000000,
        "4" : 0.000000,
        "8" : 0.000000,
        "16" : 0.000000,
        "32" : 0.000000,
        ">=64" : 0.000000
      },
      "iodepth_submit" : {
        "0" : 0.000000,
        "4" : 100.000000,
        "8" : 0.000000,
        "16" : 0.000000,
        "32" : 0.000000,
        "64" : 0.000000,
        ">=64" : 0.000000
      },
      "iodepth_complete" : {
        "0" : 0.000000,
        "4" : 100.000000,
        "8" : 0.000000,
        "16" : 0.000000,
        "32" : 0.000000,
        "64" : 0.000000,
        ">=64" : 0.000000
      },
      "latency_ns" : {
        "2" : 0.000000,
        "4" : 0.000000,
        "10" : 0.000000,
        "20" : 0.000000,
        "50" : 0.000000,
        "100" : 0.000000,
        "250" : 0.000000,
        "500" : 0.000000,
        "750" : 0.000000,
        "1000" : 0.000000
      },
      "latency_us" : {
        "2" : 0.000000,
        "4" : 0.000000,
        "10" : 0.000000,
        "20" : 0.000000,
        "50" : 0.027518,
        "100" : 0.766883,
        "250" : 0.758718,
        "500" : 26.184798,
        "750" : 45.061125,
        "1000" : 21.772298
      },
      "latency_ms" : {
        "2" : 5.301854,
        "4" : 0.111182,
        "10" : 0.013709,
        "20" : 0.010000,
        "50" : 0.010000,
        "100" : 0.010000,
        "250" : 0.000000,
        "500" : 0.000000,
        "750" : 0.000000,
        "1000" : 0.000000,
        "2000" : 0.000000,
        ">=2000" : 0.000000
      },
      "latency_depth" : 1,
      "latency_target" : 0,
      "latency_percentile" : 100.000000,
      "latency_window" : 0
    }
  ],
  "disk_util" : [
    {
      "name" : "vda",
      "read_ios" : 991113,
      "write_ios" : 0,
      "read_merges" : 40,
      "write_merges" : 0,
      "read_ticks" : 68600,
      "write_ticks" : 0,
      "in_queue" : 68600,
      "util" : 99.059220
    }
  ]
}
