{
  "fio version" : "fio-3.26",
  "timestamp" : 1623499818,
  "timestamp_ms" : 1623499818983,
  "time" : "Sat Jun 12 21:10:18 2021",
  "global options" : {
    "filename" : "./fio_data.bin",
    "direct" : "1",
    "rw" : "write",
    "bs" : "4k",
    "size" : "2G",
    "numjobs" : "64",
    "runtime" : "10"
  },
  "jobs" : [
    {
      "jobname" : "kvm-write-4k",
      "groupid" : 0,
      "error" : 0,
      "eta" : 0,
      "elapsed" : 11,
      "job options" : {
        "name" : "kvm-write-4k"
      },
      "read" : {
        "io_bytes" : 0,
        "io_kbytes" : 0,
        "bw_bytes" : 0,
        "bw" : 0,
        "iops" : 0.000000,
        "runtime" : 0,
        "total_ios" : 0,
        "short_ios" : 0,
        "drop_ios" : 0,
        "slat_ns" : {
          "min" : 0,
          "max" : 0,
          "mean" : 0.000000,
          "stddev" : 0.000000,
          "N" : 0
        },
        "clat_ns" : {
          "min" : 0,
          "max" : 0,
          "mean" : 0.000000,
          "stddev" : 0.000000,
          "N" : 0
        },
        "lat_ns" : {
          "min" : 0,
          "max" : 0,
          "mean" : 0.000000,
          "stddev" : 0.000000,
          "N" : 0
        },
        "bw_min" : 0,
        "bw_max" : 0,
        "bw_agg" : 0.000000,
        "bw_mean" : 0.000000,
        "bw_dev" : 0.000000,
        "bw_samples" : 0,
        "iops_min" : 0,
        "iops_max" : 0,
        "iops_mean" : 0.000000,
        "iops_stddev" : 0.000000,
        "iops_samples" : 0
      },
      "write" : {
        "io_bytes" : 4880957440,
        "io_kbytes" : 4766560,
        "bw_bytes" : 487998144,
        "bw" : 476560,
        "iops" : 119140.171966,
        "runtime" : 10002,
        "total_ios" : 1191640,
        "short_ios" : 0,
        "drop_ios" : 0,
        "slat_ns" : {
          "min" : 0,
          "max" : 0,
          "mean" : 0.000000,
          "stddev" : 0.000000,
          "N" : 0
        },
        "clat_ns" : {
          "min" : 21791,
          "max" : 25710001,
          "mean" : 535533.849242,
          "stddev" : 391450.868374,
          "N" : 1191640,
          "percentile" : {
            "1.000000" : 45824,
            "5.000000" : 97792,
            "10.000000" : 205824,
            "20.000000" : 305152,
            "30.000000" : 366592,
            "40.000000" : 419840,
            "50.000000" : 468992,
            "60.000000" : 522240,
            "70.000000" : 585728,
            "80.000000" : 675840,
            "90.000000" : 897024,
            "95.000000" : 1171456,
            "99.000000" : 1941504,
            "99.500000" : 2375680,
            "99.900000" : 3883008,
            "99.950000" : 4751360,
            "99.990000" : 8454144
          }
        },
        "lat_ns" : {
          "min" : 21922,
          "max" : 25710208,
          "mean" : 535802.072995,
          "stddev" : 391626.585998,
          "N" : 1191640
        },
        "bw_min" : 403427,
        "bw_max" : 616904,
        "bw_agg" : 100.000000,
        "bw_mean" : 478008.631579,
        "bw_dev" : 850.472082,
        "bw_samples" : 1216,
        "iops_min" : 100855,
        "iops_max" : 154226,
        "iops_mean" : 119501.631579,
        "iops_stddev" : 212.618740,
        "iops_samples" : 1216
      },
      "trim" : {
        "io_bytes" : 0,
        "io_kbytes" : 0,
        "bw_bytes" : 0,
        "bw" : 0,
        "iops" : 0.000000,
        "runtime" : 0,
        "total_ios" : 0,
        "short_ios" : 0,
        "drop_ios" : 0,
        "slat_ns" : {
          "min" : 0,
          "max" : 0,
          "mean" : 0.000000,
          "stddev" : 0.000000,
          "N" : 0
        },
        "clat_ns" : {
          "min" : 0,
          "max" : 0,
          "mean" : 0.000000,
          "stddev" : 0.000000,
          "N" : 0
        },
        "lat_ns" : {
          "min" : 0,
          "max" : 0,
          "mean" : 0.000000,
          "stddev" : 0.000000,
          "N" : 0
        },
        "bw_min" : 0,
        "bw_max" : 0,
        "bw_agg" : 0.000000,
        "bw_mean" : 0.000000,
        "bw_dev" : 0.000000,
        "bw_samples" : 0,
        "iops_min" : 0,
        "iops_max" : 0,
        "iops_mean" : 0.000000,
        "iops_stddev" : 0.000000,
        "iops_samples" : 0
      },
      "sync" : {
        "total_ios" : 0,
        "lat_ns" : {
          "min" : 0,
          "max" : 0,
          "mean" : 0.000000,
          "stddev" : 0.000000,
          "N" : 0
        }
      },
      "job_runtime" : 640002,
      "usr_cpu" : 0.337968,
      "sys_cpu" : 2.164681,
      "ctx" : 1634507,
      "majf" : 0,
      "minf" : 772,
      "iodepth_level" : {
        "1" : 100.000000,
        "2" : 0.000000,
        "4" : 0.000000,
        "8" : 0.000000,
        "16" : 0.000000,
        "32" : 0.000000,
        ">=64" : 0.000000
      },
      "iodepth_submit" : {
        "0" : 0.000000,
        "4" : 100.000000,
        "8" : 0.000000,
        "16" : 0.000000,
        "32" : 0.000000,
        "64" : 0.000000,
        ">=64" : 0.000000
      },
      "iodepth_complete" : {
        "0" : 0.000000,
        "4" : 100.000000,
        "8" : 0.000000,
        "16" : 0.000000,
        "32" : 0.000000,
        "64" : 0.000000,
        ">=64" : 0.000000
      },
      "latency_ns" : {
        "2" : 0.000000,
        "4" : 0.000000,
        "10" : 0.000000,
        "20" : 0.000000,
        "50" : 0.000000,
        "100" : 0.000000,
        "250" : 0.000000,
        "500" : 0.000000,
        "750" : 0.000000,
        "1000" : 0.000000
      },
      "latency_us" : {
        "2" : 0.000000,
        "4" : 0.000000,
        "10" : 0.000000,
        "20" : 0.000000,
        "50" : 1.371975,
        "100" : 3.720839,
        "250" : 7.923030,
        "500" : 42.879225,
        "750" : 28.681145,
        "1000" : 7.736900
      },
      "latency_ms" : {
        "2" : 6.774361,
        "4" : 0.822396,
        "10" : 0.084505,
        "20" : 0.010000,
        "50" : 0.010000,
        "100" : 0.000000,
        "250" : 0.000000,
        "500" : 0.000000,
        "750" : 0.000000,
        "1000" : 0.000000,
        "2000" : 0.000000,
        ">=2000" : 0.000000
      },
      "latency_depth" : 1,
      "latency_target" : 0,
      "latency_percentile" : 100.000000,
      "latency_window" : 0
    }
  ],
  "disk_util" : [
    {
      "name" : "vda",
      "read_ios" : 0,
      "write_ios" : 1180958,
      "read_merges" : 0,
      "write_merges" : 180,
      "read_ticks" : 0,
      "write_ticks" : 64717,
      "in_queue" : 64947,
      "util" : 99.141117
    }
  ]
}
