{
  "fio version" : "fio-3.26",
  "timestamp" : 1623499784,
  "timestamp_ms" : 1623499784700,
  "time" : "Sat Jun 12 21:09:44 2021",
  "global options" : {
    "filename" : "./fio_data.bin",
    "direct" : "1",
    "rw" : "read",
    "bs" : "128k",
    "size" : "2G",
    "numjobs" : "64",
    "runtime" : "10"
  },
  "jobs" : [
    {
      "jobname" : "kvm-read-128k",
      "groupid" : 0,
      "error" : 0,
      "eta" : 0,
      "elapsed" : 11,
      "job options" : {
        "name" : "kvm-read-128k"
      },
      "read" : {
        "io_bytes" : 77078331392,
        "io_kbytes" : 75271808,
        "bw_bytes" : 7703211212,
        "bw" : 7522667,
        "iops" : 58770.837498,
        "runtime" : 10006,
        "total_ios" : 588061,
        "short_ios" : 0,
        "drop_ios" : 0,
        "slat_ns" : {
          "min" : 0,
          "max" : 0,
          "mean" : 0.000000,
          "stddev" : 0.000000,
          "N" : 0
        },
        "clat_ns" : {
          "min" : 57672,
          "max" : 29311373,
          "mean" : 1085101.670949,
          "stddev" : 345999.898024,
          "N" : 588061,
          "percentile" : {
            "1.000000" : 509952,
            "5.000000" : 667648,
            "10.000000" : 733184,
            "20.000000" : 823296,
            "30.000000" : 897024,
            "40.000000" : 962560,
            "50.000000" : 1036288,
            "60.000000" : 1122304,
            "70.000000" : 1220608,
            "80.000000" : 1335296,
            "90.000000" : 1515520,
            "95.000000" : 1646592,
            "99.000000" : 1957888,
            "99.500000" : 2113536,
            "99.900000" : 3063808,
            "99.950000" : 3948544,
            "99.990000" : 6782976
          }
        },
        "lat_ns" : {
          "min" : 57818,
          "max" : 29311611,
          "mean" : 1085426.647732,
          "stddev" : 346572.367224,
          "N" : 588061
        },
        "bw_min" : 6605824,
        "bw_max" : 9018195,
        "bw_agg" : 100.000000,
        "bw_mean" : 7543460.315789,
        "bw_dev" : 9349.137913,
        "bw_samples" : 1216,
        "iops_min" : 51608,
        "iops_max" : 70454,
        "iops_mean" : 58931.210526,
        "iops_stddev" : 73.037716,
        "iops_samples" : 1216
      },
      "write" : {
        "io_bytes" : 0,
        "io_kbytes" : 0,
        "bw_bytes" : 0,
        "bw" : 0,
        "iops" : 0.000000,
        "runtime" : 0,
        "total_ios" : 0,
        "short_ios" : 0,
        "drop_ios" : 0,
        "slat_ns" : {
          "min" : 0,
          "max" : 0,
          "mean" : 0.000000,
          "stddev" : 0.000000,
          "N" : 0
        },
        "clat_ns" : {
          "min" : 0,
          "max" : 0,
          "mean" : 0.000000,
          "stddev" : 0.000000,
          "N" : 0
        },
        "lat_ns" : {
          "min" : 0,
          "max" : 0,
          "mean" : 0.000000,
          "stddev" : 0.000000,
          "N" : 0
        },
        "bw_min" : 0,
        "bw_max" : 0,
        "bw_agg" : 0.000000,
        "bw_mean" : 0.000000,
        "bw_dev" : 0.000000,
        "bw_samples" : 0,
        "iops_min" : 0,
        "iops_max" : 0,
        "iops_mean" : 0.000000,
        "iops_stddev" : 0.000000,
        "iops_samples" : 0
      },
      "trim" : {
        "io_bytes" : 0,
        "io_kbytes" : 0,
        "bw_bytes" : 0,
        "bw" : 0,
        "iops" : 0.000000,
        "runtime" : 0,
        "total_ios" : 0,
        "short_ios" : 0,
        "drop_ios" : 0,
        "slat_ns" : {
          "min" : 0,
          "max" : 0,
          "mean" : 0.000000,
          "stddev" : 0.000000,
          "N" : 0
        },
        "clat_ns" : {
          "min" : 0,
          "max" : 0,
          "mean" : 0.000000,
          "stddev" : 0.000000,
          "N" : 0
        },
        "lat_ns" : {
          "min" : 0,
          "max" : 0,
          "mean" : 0.000000,
          "stddev" : 0.000000,
          "N" : 0
        },
        "bw_min" : 0,
        "bw_max" : 0,
        "bw_agg" : 0.000000,
        "bw_mean" : 0.000000,
        "bw_dev" : 0.000000,
        "bw_samples" : 0,
        "iops_min" : 0,
        "iops_max" : 0,
        "iops_mean" : 0.000000,
        "iops_stddev" : 0.000000,
        "iops_samples" : 0
      },
      "sync" : {
        "total_ios" : 0,
        "lat_ns" : {
          "min" : 0,
          "max" : 0,
          "mean" : 0.000000,
          "stddev" : 0.000000,
          "N" : 0
        }
      },
      "job_runtime" : 640080,
      "usr_cpu" : 0.512905,
      "sys_cpu" : 2.011467,
      "ctx" : 592635,
      "majf" : 0,
      "minf" : 2774,
      "iodepth_level" : {
        "1" : 100.000000,
        "2" : 0.000000,
        "4" : 0.000000,
        "8" : 0.000000,
        "16" : 0.000000,
        "32" : 0.000000,
        ">=64" : 0.000000
      },
      "iodepth_submit" : {
        "0" : 0.000000,
        "4" : 100.000000,
        "8" : 0.000000,
        "16" : 0.000000,
        "32" : 0.000000,
        "64" : 0.000000,
        ">=64" : 0.000000
      },
      "iodepth_complete" : {
        "0" : 0.000000,
        "4" : 100.000000,
        "8" : 0.000000,
        "16" : 0.000000,
        "32" : 0.000000,
        "64" : 0.000000,
        ">=64" : 0.000000
      },
      "latency_ns" : {
        "2" : 0.000000,
        "4" : 0.000000,
        "10" : 0.000000,
        "20" : 0.000000,
        "50" : 0.000000,
        "100" : 0.000000,
        "250" : 0.000000,
        "500" : 0.000000,
        "750" : 0.000000,
        "1000" : 0.000000
      },
      "latency_us" : {
        "2" : 0.000000,
        "4" : 0.000000,
        "10" : 0.000000,
        "20" : 0.000000,
        "50" : 0.000000,
        "100" : 0.195898,
        "250" : 0.490255,
        "500" : 0.262558,
        "750" : 10.909753,
        "1000" : 33.098947
      },
      "latency_ms" : {
        "2" : 54.243352,
        "4" : 0.750602,
        "10" : 0.044723,
        "20" : 0.010000,
        "50" : 0.010000,
        "100" : 0.000000,
        "250" : 0.000000,
        "500" : 0.000000,
        "750" : 0.000000,
        "1000" : 0.000000,
        "2000" : 0.000000,
        ">=2000" : 0.000000
      },
      "latency_depth" : 1,
      "latency_target" : 0,
      "latency_percentile" : 100.000000,
      "latency_window" : 0
    }
  ],
  "disk_util" : [
    {
      "name" : "vda",
      "read_ios" : 586484,
      "write_ios" : 0,
      "read_merges" : 30,
      "write_merges" : 0,
      "read_ticks" : 55254,
      "write_ticks" : 0,
      "in_queue" : 55254,
      "util" : 99.186911
    }
  ]
}
