{
  "fio version" : "fio-3.26",
  "timestamp" : 1623499808,
  "timestamp_ms" : 1623499808731,
  "time" : "Sat Jun 12 21:10:08 2021",
  "global options" : {
    "filename" : "./fio_data.bin",
    "direct" : "1",
    "rw" : "read",
    "bs" : "512k",
    "size" : "2G",
    "numjobs" : "64",
    "runtime" : "10"
  },
  "jobs" : [
    {
      "jobname" : "kvm-read-512k",
      "groupid" : 0,
      "error" : 0,
      "eta" : 0,
      "elapsed" : 11,
      "job options" : {
        "name" : "kvm-read-512k"
      },
      "read" : {
        "io_bytes" : 102942375936,
        "io_kbytes" : 100529664,
        "bw_bytes" : 10281899314,
        "bw" : 10040917,
        "iops" : 19611.166600,
        "runtime" : 10012,
        "total_ios" : 196347,
        "short_ios" : 0,
        "drop_ios" : 0,
        "slat_ns" : {
          "min" : 0,
          "max" : 0,
          "mean" : 0.000000,
          "stddev" : 0.000000,
          "N" : 0
        },
        "clat_ns" : {
          "min" : 152108,
          "max" : 73425546,
          "mean" : 3252288.155327,
          "stddev" : 2265857.161451,
          "N" : 196347,
          "percentile" : {
            "1.000000" : 346112,
            "5.000000" : 692224,
            "10.000000" : 1482752,
            "20.000000" : 2146304,
            "30.000000" : 2506752,
            "40.000000" : 2768896,
            "50.000000" : 3031040,
            "60.000000" : 3293184,
            "70.000000" : 3620864,
            "80.000000" : 4046848,
            "90.000000" : 4751360,
            "95.000000" : 5537792,
            "99.000000" : 10289152,
            "99.500000" : 15663104,
            "99.900000" : 32636928,
            "99.950000" : 37486592,
            "99.990000" : 52690944
          }
        },
        "lat_ns" : {
          "min" : 152284,
          "max" : 73425852,
          "mean" : 3252896.197874,
          "stddev" : 2266721.533856,
          "N" : 196347
        },
        "bw_min" : 7589850,
        "bw_max" : 14333651,
        "bw_agg" : 100.000000,
        "bw_mean" : 10061975.526316,
        "bw_dev" : 23651.130892,
        "bw_samples" : 1216,
        "iops_min" : 14788,
        "iops_max" : 27975,
        "iops_mean" : 19628.894737,
        "iops_stddev" : 46.220428,
        "iops_samples" : 1216
      },
      "write" : {
        "io_bytes" : 0,
        "io_kbytes" : 0,
        "bw_bytes" : 0,
        "bw" : 0,
        "iops" : 0.000000,
        "runtime" : 0,
        "total_ios" : 0,
        "short_ios" : 0,
        "drop_ios" : 0,
        "slat_ns" : {
          "min" : 0,
          "max" : 0,
          "mean" : 0.000000,
          "stddev" : 0.000000,
          "N" : 0
        },
        "clat_ns" : {
          "min" : 0,
          "max" : 0,
          "mean" : 0.000000,
          "stddev" : 0.000000,
          "N" : 0
        },
        "lat_ns" : {
          "min" : 0,
          "max" : 0,
          "mean" : 0.000000,
          "stddev" : 0.000000,
          "N" : 0
        },
        "bw_min" : 0,
        "bw_max" : 0,
        "bw_agg" : 0.000000,
        "bw_mean" : 0.000000,
        "bw_dev" : 0.000000,
        "bw_samples" : 0,
        "iops_min" : 0,
        "iops_max" : 0,
        "iops_mean" : 0.000000,
        "iops_stddev" : 0.000000,
        "iops_samples" : 0
      },
      "trim" : {
        "io_bytes" : 0,
        "io_kbytes" : 0,
        "bw_bytes" : 0,
        "bw" : 0,
        "iops" : 0.000000,
        "runtime" : 0,
        "total_ios" : 0,
        "short_ios" : 0,
        "drop_ios" : 0,
        "slat_ns" : {
          "min" : 0,
          "max" : 0,
          "mean" : 0.000000,
          "stddev" : 0.000000,
          "N" : 0
        },
        "clat_ns" : {
          "min" : 0,
          "max" : 0,
          "mean" : 0.000000,
          "stddev" : 0.000000,
          "N" : 0
        },
        "lat_ns" : {
          "min" : 0,
          "max" : 0,
          "mean" : 0.000000,
          "stddev" : 0.000000,
          "N" : 0
        },
        "bw_min" : 0,
        "bw_max" : 0,
        "bw_agg" : 0.000000,
        "bw_mean" : 0.000000,
        "bw_dev" : 0.000000,
        "bw_samples" : 0,
        "iops_min" : 0,
        "iops_max" : 0,
        "iops_mean" : 0.000000,
        "iops_stddev" : 0.000000,
        "iops_samples" : 0
      },
      "sync" : {
        "total_ios" : 0,
        "lat_ns" : {
          "min" : 0,
          "max" : 0,
          "mean" : 0.000000,
          "stddev" : 0.000000,
          "N" : 0
        }
      },
      "job_runtime" : 640101,
      "usr_cpu" : 0.358381,
      "sys_cpu" : 1.613495,
      "ctx" : 200885,
      "majf" : 0,
      "minf" : 8944,
      "iodepth_level" : {
        "1" : 100.000000,
        "2" : 0.000000,
        "4" : 0.000000,
        "8" : 0.000000,
        "16" : 0.000000,
        "32" : 0.000000,
        ">=64" : 0.000000
      },
      "iodepth_submit" : {
        "0" : 0.000000,
        "4" : 100.000000,
        "8" : 0.000000,
        "16" : 0.000000,
        "32" : 0.000000,
        "64" : 0.000000,
        ">=64" : 0.000000
      },
      "iodepth_complete" : {
        "0" : 0.000000,
        "4" : 100.000000,
        "8" : 0.000000,
        "16" : 0.000000,
        "32" : 0.000000,
        "64" : 0.000000,
        ">=64" : 0.000000
      },
      "latency_ns" : {
        "2" : 0.000000,
        "4" : 0.000000,
        "10" : 0.000000,
        "20" : 0.000000,
        "50" : 0.000000,
        "100" : 0.000000,
        "250" : 0.000000,
        "500" : 0.000000,
        "750" : 0.000000,
        "1000" : 0.000000
      },
      "latency_us" : {
        "2" : 0.000000,
        "4" : 0.000000,
        "10" : 0.000000,
        "20" : 0.000000,
        "50" : 0.000000,
        "100" : 0.000000,
        "250" : 0.096258,
        "500" : 3.268703,
        "750" : 1.971000,
        "1000" : 1.337428
      },
      "latency_ms" : {
        "2" : 9.913062,
        "4" : 62.124708,
        "10" : 20.226436,
        "20" : 0.741035,
        "50" : 0.310165,
        "100" : 0.011205,
        "250" : 0.000000,
        "500" : 0.000000,
        "750" : 0.000000,
        "1000" : 0.000000,
        "2000" : 0.000000,
        ">=2000" : 0.000000
      },
      "latency_depth" : 1,
      "latency_target" : 0,
      "latency_percentile" : 100.000000,
      "latency_window" : 0
    }
  ],
  "disk_util" : [
    {
      "name" : "vda",
      "read_ios" : 198761,
      "write_ios" : 0,
      "read_merges" : 44,
      "write_merges" : 0,
      "read_ticks" : 424414,
      "write_ticks" : 0,
      "in_queue" : 424414,
      "util" : 99.098564
    }
  ]
}
