{
  "fio version" : "fio-3.26",
  "timestamp" : 1623499870,
  "timestamp_ms" : 1623499870534,
  "time" : "Sat Jun 12 21:11:10 2021",
  "global options" : {
    "filename" : "./fio_data.bin",
    "direct" : "1",
    "rw" : "write",
    "bs" : "128k",
    "size" : "2G",
    "numjobs" : "64",
    "runtime" : "10"
  },
  "jobs" : [
    {
      "jobname" : "kvm-write-128k",
      "groupid" : 0,
      "error" : 0,
      "eta" : 0,
      "elapsed" : 11,
      "job options" : {
        "name" : "kvm-write-128k"
      },
      "read" : {
        "io_bytes" : 0,
        "io_kbytes" : 0,
        "bw_bytes" : 0,
        "bw" : 0,
        "iops" : 0.000000,
        "runtime" : 0,
        "total_ios" : 0,
        "short_ios" : 0,
        "drop_ios" : 0,
        "slat_ns" : {
          "min" : 0,
          "max" : 0,
          "mean" : 0.000000,
          "stddev" : 0.000000,
          "N" : 0
        },
        "clat_ns" : {
          "min" : 0,
          "max" : 0,
          "mean" : 0.000000,
          "stddev" : 0.000000,
          "N" : 0
        },
        "lat_ns" : {
          "min" : 0,
          "max" : 0,
          "mean" : 0.000000,
          "stddev" : 0.000000,
          "N" : 0
        },
        "bw_min" : 0,
        "bw_max" : 0,
        "bw_agg" : 0.000000,
        "bw_mean" : 0.000000,
        "bw_dev" : 0.000000,
        "bw_samples" : 0,
        "iops_min" : 0,
        "iops_max" : 0,
        "iops_mean" : 0.000000,
        "iops_stddev" : 0.000000,
        "iops_samples" : 0
      },
      "write" : {
        "io_bytes" : 38054526976,
        "io_kbytes" : 37162624,
        "bw_bytes" : 3799373699,
        "bw" : 3710325,
        "iops" : 28986.920927,
        "runtime" : 10016,
        "total_ios" : 290333,
        "short_ios" : 0,
        "drop_ios" : 0,
        "slat_ns" : {
          "min" : 0,
          "max" : 0,
          "mean" : 0.000000,
          "stddev" : 0.000000,
          "N" : 0
        },
        "clat_ns" : {
          "min" : 52404,
          "max" : 71489533,
          "mean" : 2201869.338935,
          "stddev" : 6302833.393651,
          "N" : 290333,
          "percentile" : {
            "1.000000" : 89600,
            "5.000000" : 124416,
            "10.000000" : 162816,
            "20.000000" : 187392,
            "30.000000" : 203776,
            "40.000000" : 220160,
            "50.000000" : 257024,
            "60.000000" : 309248,
            "70.000000" : 423936,
            "80.000000" : 684032,
            "90.000000" : 6455296,
            "95.000000" : 16318464,
            "99.000000" : 32374784,
            "99.500000" : 38010880,
            "99.900000" : 51642368,
            "99.950000" : 55312384,
            "99.990000" : 63176704
          }
        },
        "lat_ns" : {
          "min" : 54022,
          "max" : 71492221,
          "mean" : 2204358.031547,
          "stddev" : 6303035.601413,
          "N" : 290333
        },
        "bw_min" : 1869010,
        "bw_max" : 6649406,
        "bw_agg" : 99.929120,
        "bw_mean" : 3707697.000000,
        "bw_dev" : 20110.918899,
        "bw_samples" : 1216,
        "iops_min" : 14597,
        "iops_max" : 51945,
        "iops_mean" : 28961.526316,
        "iops_stddev" : 157.120180,
        "iops_samples" : 1216
      },
      "trim" : {
        "io_bytes" : 0,
        "io_kbytes" : 0,
        "bw_bytes" : 0,
        "bw" : 0,
        "iops" : 0.000000,
        "runtime" : 0,
        "total_ios" : 0,
        "short_ios" : 0,
        "drop_ios" : 0,
        "slat_ns" : {
          "min" : 0,
          "max" : 0,
          "mean" : 0.000000,
          "stddev" : 0.000000,
          "N" : 0
        },
        "clat_ns" : {
          "min" : 0,
          "max" : 0,
          "mean" : 0.000000,
          "stddev" : 0.000000,
          "N" : 0
        },
        "lat_ns" : {
          "min" : 0,
          "max" : 0,
          "mean" : 0.000000,
          "stddev" : 0.000000,
          "N" : 0
        },
        "bw_min" : 0,
        "bw_max" : 0,
        "bw_agg" : 0.000000,
        "bw_mean" : 0.000000,
        "bw_dev" : 0.000000,
        "bw_samples" : 0,
        "iops_min" : 0,
        "iops_max" : 0,
        "iops_mean" : 0.000000,
        "iops_stddev" : 0.000000,
        "iops_samples" : 0
      },
      "sync" : {
        "total_ios" : 0,
        "lat_ns" : {
          "min" : 0,
          "max" : 0,
          "mean" : 0.000000,
          "stddev" : 0.000000,
          "N" : 0
        }
      },
      "job_runtime" : 640372,
      "usr_cpu" : 0.231272,
      "sys_cpu" : 0.614643,
      "ctx" : 296055,
      "majf" : 0,
      "minf" : 775,
      "iodepth_level" : {
        "1" : 100.000000,
        "2" : 0.000000,
        "4" : 0.000000,
        "8" : 0.000000,
        "16" : 0.000000,
        "32" : 0.000000,
        ">=64" : 0.000000
      },
      "iodepth_submit" : {
        "0" : 0.000000,
        "4" : 100.000000,
        "8" : 0.000000,
        "16" : 0.000000,
        "32" : 0.000000,
        "64" : 0.000000,
        ">=64" : 0.000000
      },
      "iodepth_complete" : {
        "0" : 0.000000,
        "4" : 100.000000,
        "8" : 0.000000,
        "16" : 0.000000,
        "32" : 0.000000,
        "64" : 0.000000,
        ">=64" : 0.000000
      },
      "latency_ns" : {
        "2" : 0.000000,
        "4" : 0.000000,
        "10" : 0.000000,
        "20" : 0.000000,
        "50" : 0.000000,
        "100" : 0.000000,
        "250" : 0.000000,
        "500" : 0.000000,
        "750" : 0.000000,
        "1000" : 0.000000
      },
      "latency_us" : {
        "2" : 0.000000,
        "4" : 0.000000,
        "10" : 0.000000,
        "20" : 0.000000,
        "50" : 0.000000,
        "100" : 1.994951,
        "250" : 46.608894,
        "500" : 25.295437,
        "750" : 7.578539,
        "1000" : 3.427444
      },
      "latency_ms" : {
        "2" : 3.828363,
        "4" : 0.446384,
        "10" : 3.085423,
        "20" : 4.180028,
        "50" : 3.430888,
        "100" : 0.123651,
        "250" : 0.000000,
        "500" : 0.000000,
        "750" : 0.000000,
        "1000" : 0.000000,
        "2000" : 0.000000,
        ">=2000" : 0.000000
      },
      "latency_depth" : 1,
      "latency_target" : 0,
      "latency_percentile" : 100.000000,
      "latency_window" : 0
    }
  ],
  "disk_util" : [
    {
      "name" : "vda",
      "read_ios" : 0,
      "write_ios" : 284170,
      "read_merges" : 0,
      "write_merges" : 58,
      "read_ticks" : 0,
      "write_ticks" : 610015,
      "in_queue" : 610015,
      "util" : 98.623116
    }
  ]
}
