{
  "fio version" : "fio-3.26",
  "timestamp" : 1623499796,
  "timestamp_ms" : 1623499796729,
  "time" : "Sat Jun 12 21:09:56 2021",
  "global options" : {
    "filename" : "./fio_data.bin",
    "direct" : "1",
    "rw" : "read",
    "bs" : "256k",
    "size" : "2G",
    "numjobs" : "64",
    "runtime" : "10"
  },
  "jobs" : [
    {
      "jobname" : "kvm-read-256k",
      "groupid" : 0,
      "error" : 0,
      "eta" : 0,
      "elapsed" : 11,
      "job options" : {
        "name" : "kvm-read-256k"
      },
      "read" : {
        "io_bytes" : 99519299584,
        "io_kbytes" : 97186816,
        "bw_bytes" : 9945962380,
        "bw" : 9712853,
        "iops" : 37940.835499,
        "runtime" : 10006,
        "total_ios" : 379636,
        "short_ios" : 0,
        "drop_ios" : 0,
        "slat_ns" : {
          "min" : 0,
          "max" : 0,
          "mean" : 0.000000,
          "stddev" : 0.000000,
          "N" : 0
        },
        "clat_ns" : {
          "min" : 84627,
          "max" : 78832904,
          "mean" : 1679975.862089,
          "stddev" : 659490.740911,
          "N" : 379636,
          "percentile" : {
            "1.000000" : 189440,
            "5.000000" : 847872,
            "10.000000" : 1028096,
            "20.000000" : 1236992,
            "30.000000" : 1384448,
            "40.000000" : 1515520,
            "50.000000" : 1662976,
            "60.000000" : 1794048,
            "70.000000" : 1941504,
            "80.000000" : 2113536,
            "90.000000" : 2342912,
            "95.000000" : 2572288,
            "99.000000" : 3194880,
            "99.500000" : 3751936,
            "99.900000" : 6389760,
            "99.950000" : 8093696,
            "99.990000" : 17170432
          }
        },
        "lat_ns" : {
          "min" : 84806,
          "max" : 78833017,
          "mean" : 1680482.729954,
          "stddev" : 660199.617742,
          "N" : 379636
        },
        "bw_min" : 8468399,
        "bw_max" : 13138707,
        "bw_agg" : 100.000000,
        "bw_mean" : 9739123.578947,
        "bw_dev" : 21844.609655,
        "bw_samples" : 1216,
        "iops_min" : 33055,
        "iops_max" : 51312,
        "iops_mean" : 38030.105263,
        "iops_stddev" : 85.333123,
        "iops_samples" : 1216
      },
      "write" : {
        "io_bytes" : 0,
        "io_kbytes" : 0,
        "bw_bytes" : 0,
        "bw" : 0,
        "iops" : 0.000000,
        "runtime" : 0,
        "total_ios" : 0,
        "short_ios" : 0,
        "drop_ios" : 0,
        "slat_ns" : {
          "min" : 0,
          "max" : 0,
          "mean" : 0.000000,
          "stddev" : 0.000000,
          "N" : 0
        },
        "clat_ns" : {
          "min" : 0,
          "max" : 0,
          "mean" : 0.000000,
          "stddev" : 0.000000,
          "N" : 0
        },
        "lat_ns" : {
          "min" : 0,
          "max" : 0,
          "mean" : 0.000000,
          "stddev" : 0.000000,
          "N" : 0
        },
        "bw_min" : 0,
        "bw_max" : 0,
        "bw_agg" : 0.000000,
        "bw_mean" : 0.000000,
        "bw_dev" : 0.000000,
        "bw_samples" : 0,
        "iops_min" : 0,
        "iops_max" : 0,
        "iops_mean" : 0.000000,
        "iops_stddev" : 0.000000,
        "iops_samples" : 0
      },
      "trim" : {
        "io_bytes" : 0,
        "io_kbytes" : 0,
        "bw_bytes" : 0,
        "bw" : 0,
        "iops" : 0.000000,
        "runtime" : 0,
        "total_ios" : 0,
        "short_ios" : 0,
        "drop_ios" : 0,
        "slat_ns" : {
          "min" : 0,
          "max" : 0,
          "mean" : 0.000000,
          "stddev" : 0.000000,
          "N" : 0
        },
        "clat_ns" : {
          "min" : 0,
          "max" : 0,
          "mean" : 0.000000,
          "stddev" : 0.000000,
          "N" : 0
        },
        "lat_ns" : {
          "min" : 0,
          "max" : 0,
          "mean" : 0.000000,
          "stddev" : 0.000000,
          "N" : 0
        },
        "bw_min" : 0,
        "bw_max" : 0,
        "bw_agg" : 0.000000,
        "bw_mean" : 0.000000,
        "bw_dev" : 0.000000,
        "bw_samples" : 0,
        "iops_min" : 0,
        "iops_max" : 0,
        "iops_mean" : 0.000000,
        "iops_stddev" : 0.000000,
        "iops_samples" : 0
      },
      "sync" : {
        "total_ios" : 0,
        "lat_ns" : {
          "min" : 0,
          "max" : 0,
          "mean" : 0.000000,
          "stddev" : 0.000000,
          "N" : 0
        }
      },
      "job_runtime" : 640041,
      "usr_cpu" : 0.444971,
      "sys_cpu" : 2.057993,
      "ctx" : 386104,
      "majf" : 0,
      "minf" : 4902,
      "iodepth_level" : {
        "1" : 100.000000,
        "2" : 0.000000,
        "4" : 0.000000,
        "8" : 0.000000,
        "16" : 0.000000,
        "32" : 0.000000,
        ">=64" : 0.000000
      },
      "iodepth_submit" : {
        "0" : 0.000000,
        "4" : 100.000000,
        "8" : 0.000000,
        "16" : 0.000000,
        "32" : 0.000000,
        "64" : 0.000000,
        ">=64" : 0.000000
      },
      "iodepth_complete" : {
        "0" : 0.000000,
        "4" : 100.000000,
        "8" : 0.000000,
        "16" : 0.000000,
        "32" : 0.000000,
        "64" : 0.000000,
        ">=64" : 0.000000
      },
      "latency_ns" : {
        "2" : 0.000000,
        "4" : 0.000000,
        "10" : 0.000000,
        "20" : 0.000000,
        "50" : 0.000000,
        "100" : 0.000000,
        "250" : 0.000000,
        "500" : 0.000000,
        "750" : 0.000000,
        "1000" : 0.000000
      },
      "latency_us" : {
        "2" : 0.000000,
        "4" : 0.000000,
        "10" : 0.000000,
        "20" : 0.000000,
        "50" : 0.000000,
        "100" : 0.010000,
        "250" : 2.097009,
        "500" : 0.898756,
        "750" : 0.747822,
        "1000" : 5.157045
      },
      "latency_ms" : {
        "2" : 65.183228,
        "4" : 25.515230,
        "10" : 0.371408,
        "20" : 0.022390,
        "50" : 0.010000,
        "100" : 0.010000,
        "250" : 0.000000,
        "500" : 0.000000,
        "750" : 0.000000,
        "1000" : 0.000000,
        "2000" : 0.000000,
        ">=2000" : 0.000000
      },
      "latency_depth" : 1,
      "latency_target" : 0,
      "latency_percentile" : 100.000000,
      "latency_window" : 0
    }
  ],
  "disk_util" : [
    {
      "name" : "vda",
      "read_ios" : 371884,
      "write_ios" : 4,
      "read_merges" : 30,
      "write_merges" : 4,
      "read_ticks" : 63776,
      "write_ticks" : 1,
      "in_queue" : 63779,
      "util" : 99.222536
    }
  ]
}
