{
  "fio version" : "fio-3.26",
  "timestamp" : 1623498670,
  "timestamp_ms" : 1623498670889,
  "time" : "Sat Jun 12 20:51:10 2021",
  "global options" : {
    "filename" : "./fio_data.bin",
    "direct" : "1",
    "rw" : "write",
    "bs" : "64k",
    "size" : "2G",
    "numjobs" : "64",
    "runtime" : "10"
  },
  "jobs" : [
    {
      "jobname" : "virtualbox-write-64k",
      "groupid" : 0,
      "error" : 0,
      "eta" : 0,
      "elapsed" : 11,
      "job options" : {
        "name" : "virtualbox-write-64k"
      },
      "read" : {
        "io_bytes" : 0,
        "io_kbytes" : 0,
        "bw_bytes" : 0,
        "bw" : 0,
        "iops" : 0.000000,
        "runtime" : 0,
        "total_ios" : 0,
        "short_ios" : 0,
        "drop_ios" : 0,
        "slat_ns" : {
          "min" : 0,
          "max" : 0,
          "mean" : 0.000000,
          "stddev" : 0.000000,
          "N" : 0
        },
        "clat_ns" : {
          "min" : 0,
          "max" : 0,
          "mean" : 0.000000,
          "stddev" : 0.000000,
          "N" : 0
        },
        "lat_ns" : {
          "min" : 0,
          "max" : 0,
          "mean" : 0.000000,
          "stddev" : 0.000000,
          "N" : 0
        },
        "bw_min" : 0,
        "bw_max" : 0,
        "bw_agg" : 0.000000,
        "bw_mean" : 0.000000,
        "bw_dev" : 0.000000,
        "bw_samples" : 0,
        "iops_min" : 0,
        "iops_max" : 0,
        "iops_mean" : 0.000000,
        "iops_stddev" : 0.000000,
        "iops_samples" : 0
      },
      "write" : {
        "io_bytes" : 17400070144,
        "io_kbytes" : 16992256,
        "bw_bytes" : 1738442416,
        "bw" : 1697697,
        "iops" : 26526.526126,
        "runtime" : 10009,
        "total_ios" : 265504,
        "short_ios" : 0,
        "drop_ios" : 0,
        "slat_ns" : {
          "min" : 0,
          "max" : 0,
          "mean" : 0.000000,
          "stddev" : 0.000000,
          "N" : 0
        },
        "clat_ns" : {
          "min" : 53718,
          "max" : 106901636,
          "mean" : 2404491.206664,
          "stddev" : 2048933.441875,
          "N" : 265504,
          "percentile" : {
            "1.000000" : 132096,
            "5.000000" : 244736,
            "10.000000" : 440320,
            "20.000000" : 815104,
            "30.000000" : 1155072,
            "40.000000" : 1548288,
            "50.000000" : 2146304,
            "60.000000" : 2768896,
            "70.000000" : 3260416,
            "80.000000" : 3719168,
            "90.000000" : 4358144,
            "95.000000" : 4947968,
            "99.000000" : 7897088,
            "99.500000" : 14090240,
            "99.900000" : 17694720,
            "99.950000" : 18743296,
            "99.990000" : 43778048
          }
        },
        "lat_ns" : {
          "min" : 55965,
          "max" : 106903159,
          "mean" : 2408070.686012,
          "stddev" : 2049427.714090,
          "N" : 265504
        },
        "bw_min" : 1441814,
        "bw_max" : 1997326,
        "bw_agg" : 100.000000,
        "bw_mean" : 1700664.736842,
        "bw_dev" : 2227.781404,
        "bw_samples" : 1216,
        "iops_min" : 22523,
        "iops_max" : 31201,
        "iops_mean" : 26567.157895,
        "iops_stddev" : 34.808741,
        "iops_samples" : 1216
      },
      "trim" : {
        "io_bytes" : 0,
        "io_kbytes" : 0,
        "bw_bytes" : 0,
        "bw" : 0,
        "iops" : 0.000000,
        "runtime" : 0,
        "total_ios" : 0,
        "short_ios" : 0,
        "drop_ios" : 0,
        "slat_ns" : {
          "min" : 0,
          "max" : 0,
          "mean" : 0.000000,
          "stddev" : 0.000000,
          "N" : 0
        },
        "clat_ns" : {
          "min" : 0,
          "max" : 0,
          "mean" : 0.000000,
          "stddev" : 0.000000,
          "N" : 0
        },
        "lat_ns" : {
          "min" : 0,
          "max" : 0,
          "mean" : 0.000000,
          "stddev" : 0.000000,
          "N" : 0
        },
        "bw_min" : 0,
        "bw_max" : 0,
        "bw_agg" : 0.000000,
        "bw_mean" : 0.000000,
        "bw_dev" : 0.000000,
        "bw_samples" : 0,
        "iops_min" : 0,
        "iops_max" : 0,
        "iops_mean" : 0.000000,
        "iops_stddev" : 0.000000,
        "iops_samples" : 0
      },
      "sync" : {
        "total_ios" : 0,
        "lat_ns" : {
          "min" : 0,
          "max" : 0,
          "mean" : 0.000000,
          "stddev" : 0.000000,
          "N" : 0
        }
      },
      "job_runtime" : 640118,
      "usr_cpu" : 0.182623,
      "sys_cpu" : 1.503473,
      "ctx" : 286020,
      "majf" : 0,
      "minf" : 962,
      "iodepth_level" : {
        "1" : 100.000000,
        "2" : 0.000000,
        "4" : 0.000000,
        "8" : 0.000000,
        "16" : 0.000000,
        "32" : 0.000000,
        ">=64" : 0.000000
      },
      "iodepth_submit" : {
        "0" : 0.000000,
        "4" : 100.000000,
        "8" : 0.000000,
        "16" : 0.000000,
        "32" : 0.000000,
        "64" : 0.000000,
        ">=64" : 0.000000
      },
      "iodepth_complete" : {
        "0" : 0.000000,
        "4" : 100.000000,
        "8" : 0.000000,
        "16" : 0.000000,
        "32" : 0.000000,
        "64" : 0.000000,
        ">=64" : 0.000000
      },
      "latency_ns" : {
        "2" : 0.000000,
        "4" : 0.000000,
        "10" : 0.000000,
        "20" : 0.000000,
        "50" : 0.000000,
        "100" : 0.000000,
        "250" : 0.000000,
        "500" : 0.000000,
        "750" : 0.000000,
        "1000" : 0.000000
      },
      "latency_us" : {
        "2" : 0.000000,
        "4" : 0.000000,
        "10" : 0.000000,
        "20" : 0.000000,
        "50" : 0.000000,
        "100" : 0.065912,
        "250" : 5.059811,
        "500" : 6.366382,
        "750" : 6.689541,
        "1000" : 7.329080
      },
      "latency_ms" : {
        "2" : 22.449756,
        "4" : 36.846902,
        "10" : 14.410329,
        "20" : 0.746881,
        "50" : 0.028248,
        "100" : 0.010000,
        "250" : 0.010000,
        "500" : 0.000000,
        "750" : 0.000000,
        "1000" : 0.000000,
        "2000" : 0.000000,
        ">=2000" : 0.000000
      },
      "latency_depth" : 1,
      "latency_target" : 0,
      "latency_percentile" : 100.000000,
      "latency_window" : 0
    }
  ],
  "disk_util" : [
    {
      "name" : "sda",
      "read_ios" : 0,
      "write_ios" : 238653,
      "read_merges" : 0,
      "write_merges" : 23642,
      "read_ticks" : 0,
      "write_ticks" : 483045,
      "in_queue" : 483045,
      "util" : 98.771597
    }
  ]
}
