{
  "fio version" : "fio-3.26",
  "timestamp" : 1623498681,
  "timestamp_ms" : 1623498681218,
  "time" : "Sat Jun 12 20:51:21 2021",
  "global options" : {
    "filename" : "./fio_data.bin",
    "direct" : "1",
    "rw" : "write",
    "bs" : "128k",
    "size" : "2G",
    "numjobs" : "64",
    "runtime" : "10"
  },
  "jobs" : [
    {
      "jobname" : "virtualbox-write-128k",
      "groupid" : 0,
      "error" : 0,
      "eta" : 0,
      "elapsed" : 11,
      "job options" : {
        "name" : "virtualbox-write-128k"
      },
      "read" : {
        "io_bytes" : 0,
        "io_kbytes" : 0,
        "bw_bytes" : 0,
        "bw" : 0,
        "iops" : 0.000000,
        "runtime" : 0,
        "total_ios" : 0,
        "short_ios" : 0,
        "drop_ios" : 0,
        "slat_ns" : {
          "min" : 0,
          "max" : 0,
          "mean" : 0.000000,
          "stddev" : 0.000000,
          "N" : 0
        },
        "clat_ns" : {
          "min" : 0,
          "max" : 0,
          "mean" : 0.000000,
          "stddev" : 0.000000,
          "N" : 0
        },
        "lat_ns" : {
          "min" : 0,
          "max" : 0,
          "mean" : 0.000000,
          "stddev" : 0.000000,
          "N" : 0
        },
        "bw_min" : 0,
        "bw_max" : 0,
        "bw_agg" : 0.000000,
        "bw_mean" : 0.000000,
        "bw_dev" : 0.000000,
        "bw_samples" : 0,
        "iops_min" : 0,
        "iops_max" : 0,
        "iops_mean" : 0.000000,
        "iops_stddev" : 0.000000,
        "iops_samples" : 0
      },
      "write" : {
        "io_bytes" : 16702373888,
        "io_kbytes" : 16310912,
        "bw_bytes" : 1668735526,
        "bw" : 1629624,
        "iops" : 12731.441702,
        "runtime" : 10009,
        "total_ios" : 127429,
        "short_ios" : 0,
        "drop_ios" : 0,
        "slat_ns" : {
          "min" : 0,
          "max" : 0,
          "mean" : 0.000000,
          "stddev" : 0.000000,
          "N" : 0
        },
        "clat_ns" : {
          "min" : 101168,
          "max" : 74107395,
          "mean" : 5013459.034914,
          "stddev" : 2762430.445367,
          "N" : 127429,
          "percentile" : {
            "1.000000" : 643072,
            "5.000000" : 1941504,
            "10.000000" : 2670592,
            "20.000000" : 3522560,
            "30.000000" : 4046848,
            "40.000000" : 4423680,
            "50.000000" : 4751360,
            "60.000000" : 5079040,
            "70.000000" : 5472256,
            "80.000000" : 5996544,
            "90.000000" : 7045120,
            "95.000000" : 8224768,
            "99.000000" : 16908288,
            "99.500000" : 19005440,
            "99.900000" : 36438016,
            "99.950000" : 44826624,
            "99.990000" : 58982400
          }
        },
        "lat_ns" : {
          "min" : 102827,
          "max" : 74112587,
          "mean" : 5020683.234829,
          "stddev" : 2764222.316212,
          "N" : 127429
        },
        "bw_min" : 1267821,
        "bw_max" : 2216070,
        "bw_agg" : 100.000000,
        "bw_mean" : 1638396.526316,
        "bw_dev" : 3719.642925,
        "bw_samples" : 1216,
        "iops_min" : 9878,
        "iops_max" : 17292,
        "iops_mean" : 12788.842105,
        "iops_stddev" : 29.093065,
        "iops_samples" : 1216
      },
      "trim" : {
        "io_bytes" : 0,
        "io_kbytes" : 0,
        "bw_bytes" : 0,
        "bw" : 0,
        "iops" : 0.000000,
        "runtime" : 0,
        "total_ios" : 0,
        "short_ios" : 0,
        "drop_ios" : 0,
        "slat_ns" : {
          "min" : 0,
          "max" : 0,
          "mean" : 0.000000,
          "stddev" : 0.000000,
          "N" : 0
        },
        "clat_ns" : {
          "min" : 0,
          "max" : 0,
          "mean" : 0.000000,
          "stddev" : 0.000000,
          "N" : 0
        },
        "lat_ns" : {
          "min" : 0,
          "max" : 0,
          "mean" : 0.000000,
          "stddev" : 0.000000,
          "N" : 0
        },
        "bw_min" : 0,
        "bw_max" : 0,
        "bw_agg" : 0.000000,
        "bw_mean" : 0.000000,
        "bw_dev" : 0.000000,
        "bw_samples" : 0,
        "iops_min" : 0,
        "iops_max" : 0,
        "iops_mean" : 0.000000,
        "iops_stddev" : 0.000000,
        "iops_samples" : 0
      },
      "sync" : {
        "total_ios" : 0,
        "lat_ns" : {
          "min" : 0,
          "max" : 0,
          "mean" : 0.000000,
          "stddev" : 0.000000,
          "N" : 0
        }
      },
      "job_runtime" : 640115,
      "usr_cpu" : 0.162158,
      "sys_cpu" : 0.869219,
      "ctx" : 136526,
      "majf" : 0,
      "minf" : 884,
      "iodepth_level" : {
        "1" : 100.000000,
        "2" : 0.000000,
        "4" : 0.000000,
        "8" : 0.000000,
        "16" : 0.000000,
        "32" : 0.000000,
        ">=64" : 0.000000
      },
      "iodepth_submit" : {
        "0" : 0.000000,
        "4" : 100.000000,
        "8" : 0.000000,
        "16" : 0.000000,
        "32" : 0.000000,
        "64" : 0.000000,
        ">=64" : 0.000000
      },
      "iodepth_complete" : {
        "0" : 0.000000,
        "4" : 100.000000,
        "8" : 0.000000,
        "16" : 0.000000,
        "32" : 0.000000,
        "64" : 0.000000,
        ">=64" : 0.000000
      },
      "latency_ns" : {
        "2" : 0.000000,
        "4" : 0.000000,
        "10" : 0.000000,
        "20" : 0.000000,
        "50" : 0.000000,
        "100" : 0.000000,
        "250" : 0.000000,
        "500" : 0.000000,
        "750" : 0.000000,
        "1000" : 0.000000
      },
      "latency_us" : {
        "2" : 0.000000,
        "4" : 0.000000,
        "10" : 0.000000,
        "20" : 0.000000,
        "50" : 0.000000,
        "100" : 0.000000,
        "250" : 0.160874,
        "500" : 0.503810,
        "750" : 0.556388,
        "1000" : 0.594056
      },
      "latency_ms" : {
        "2" : 3.488217,
        "4" : 23.874471,
        "10" : 68.208963,
        "20" : 2.263221,
        "50" : 0.322533,
        "100" : 0.027466,
        "250" : 0.000000,
        "500" : 0.000000,
        "750" : 0.000000,
        "1000" : 0.000000,
        "2000" : 0.000000,
        ">=2000" : 0.000000
      },
      "latency_depth" : 1,
      "latency_target" : 0,
      "latency_percentile" : 100.000000,
      "latency_window" : 0
    }
  ],
  "disk_util" : [
    {
      "name" : "sda",
      "read_ios" : 0,
      "write_ios" : 87912,
      "read_merges" : 0,
      "write_merges" : 37880,
      "read_ticks" : 0,
      "write_ticks" : 396394,
      "in_queue" : 396409,
      "util" : 99.017150
    }
  ]
}
