{
  "fio version" : "fio-3.26",
  "timestamp" : 1623498595,
  "timestamp_ms" : 1623498595156,
  "time" : "Sat Jun 12 20:49:55 2021",
  "global options" : {
    "filename" : "./fio_data.bin",
    "direct" : "1",
    "rw" : "read",
    "bs" : "128k",
    "size" : "2G",
    "numjobs" : "64",
    "runtime" : "10"
  },
  "jobs" : [
    {
      "jobname" : "virtualbox-read-128k",
      "groupid" : 0,
      "error" : 0,
      "eta" : 0,
      "elapsed" : 11,
      "job options" : {
        "name" : "virtualbox-read-128k"
      },
      "read" : {
        "io_bytes" : 15016919040,
        "io_kbytes" : 14664960,
        "bw_bytes" : 1500641454,
        "bw" : 1465470,
        "iops" : 11448.985710,
        "runtime" : 10007,
        "total_ios" : 114570,
        "short_ios" : 0,
        "drop_ios" : 0,
        "slat_ns" : {
          "min" : 0,
          "max" : 0,
          "mean" : 0.000000,
          "stddev" : 0.000000,
          "N" : 0
        },
        "clat_ns" : {
          "min" : 587316,
          "max" : 10563984,
          "mean" : 5585464.280414,
          "stddev" : 383839.140183,
          "N" : 114570,
          "percentile" : {
            "1.000000" : 4751360,
            "5.000000" : 5013504,
            "10.000000" : 5144576,
            "20.000000" : 5341184,
            "30.000000" : 5406720,
            "40.000000" : 5472256,
            "50.000000" : 5603328,
            "60.000000" : 5668864,
            "70.000000" : 5734400,
            "80.000000" : 5865472,
            "90.000000" : 5996544,
            "95.000000" : 6193152,
            "99.000000" : 6586368,
            "99.500000" : 6782976,
            "99.900000" : 7307264,
            "99.950000" : 7569408,
            "99.990000" : 8093696
          }
        },
        "lat_ns" : {
          "min" : 587442,
          "max" : 10564282,
          "mean" : 5585609.332949,
          "stddev" : 383835.837048,
          "N" : 114570
        },
        "bw_min" : 1439096,
        "bw_max" : 1494854,
        "bw_agg" : 100.000000,
        "bw_mean" : 1467059.157895,
        "bw_dev" : 232.649953,
        "bw_samples" : 1216,
        "iops_min" : 11239,
        "iops_max" : 11675,
        "iops_mean" : 11452.000000,
        "iops_stddev" : 1.840723,
        "iops_samples" : 1216
      },
      "write" : {
        "io_bytes" : 0,
        "io_kbytes" : 0,
        "bw_bytes" : 0,
        "bw" : 0,
        "iops" : 0.000000,
        "runtime" : 0,
        "total_ios" : 0,
        "short_ios" : 0,
        "drop_ios" : 0,
        "slat_ns" : {
          "min" : 0,
          "max" : 0,
          "mean" : 0.000000,
          "stddev" : 0.000000,
          "N" : 0
        },
        "clat_ns" : {
          "min" : 0,
          "max" : 0,
          "mean" : 0.000000,
          "stddev" : 0.000000,
          "N" : 0
        },
        "lat_ns" : {
          "min" : 0,
          "max" : 0,
          "mean" : 0.000000,
          "stddev" : 0.000000,
          "N" : 0
        },
        "bw_min" : 0,
        "bw_max" : 0,
        "bw_agg" : 0.000000,
        "bw_mean" : 0.000000,
        "bw_dev" : 0.000000,
        "bw_samples" : 0,
        "iops_min" : 0,
        "iops_max" : 0,
        "iops_mean" : 0.000000,
        "iops_stddev" : 0.000000,
        "iops_samples" : 0
      },
      "trim" : {
        "io_bytes" : 0,
        "io_kbytes" : 0,
        "bw_bytes" : 0,
        "bw" : 0,
        "iops" : 0.000000,
        "runtime" : 0,
        "total_ios" : 0,
        "short_ios" : 0,
        "drop_ios" : 0,
        "slat_ns" : {
          "min" : 0,
          "max" : 0,
          "mean" : 0.000000,
          "stddev" : 0.000000,
          "N" : 0
        },
        "clat_ns" : {
          "min" : 0,
          "max" : 0,
          "mean" : 0.000000,
          "stddev" : 0.000000,
          "N" : 0
        },
        "lat_ns" : {
          "min" : 0,
          "max" : 0,
          "mean" : 0.000000,
          "stddev" : 0.000000,
          "N" : 0
        },
        "bw_min" : 0,
        "bw_max" : 0,
        "bw_agg" : 0.000000,
        "bw_mean" : 0.000000,
        "bw_dev" : 0.000000,
        "bw_samples" : 0,
        "iops_min" : 0,
        "iops_max" : 0,
        "iops_mean" : 0.000000,
        "iops_stddev" : 0.000000,
        "iops_samples" : 0
      },
      "sync" : {
        "total_ios" : 0,
        "lat_ns" : {
          "min" : 0,
          "max" : 0,
          "mean" : 0.000000,
          "stddev" : 0.000000,
          "N" : 0
        }
      },
      "job_runtime" : 640092,
      "usr_cpu" : 0.063272,
      "sys_cpu" : 0.281366,
      "ctx" : 117578,
      "majf" : 0,
      "minf" : 2720,
      "iodepth_level" : {
        "1" : 100.000000,
        "2" : 0.000000,
        "4" : 0.000000,
        "8" : 0.000000,
        "16" : 0.000000,
        "32" : 0.000000,
        ">=64" : 0.000000
      },
      "iodepth_submit" : {
        "0" : 0.000000,
        "4" : 100.000000,
        "8" : 0.000000,
        "16" : 0.000000,
        "32" : 0.000000,
        "64" : 0.000000,
        ">=64" : 0.000000
      },
      "iodepth_complete" : {
        "0" : 0.000000,
        "4" : 100.000000,
        "8" : 0.000000,
        "16" : 0.000000,
        "32" : 0.000000,
        "64" : 0.000000,
        ">=64" : 0.000000
      },
      "latency_ns" : {
        "2" : 0.000000,
        "4" : 0.000000,
        "10" : 0.000000,
        "20" : 0.000000,
        "50" : 0.000000,
        "100" : 0.000000,
        "250" : 0.000000,
        "500" : 0.000000,
        "750" : 0.000000,
        "1000" : 0.000000
      },
      "latency_us" : {
        "2" : 0.000000,
        "4" : 0.000000,
        "10" : 0.000000,
        "20" : 0.000000,
        "50" : 0.000000,
        "100" : 0.000000,
        "250" : 0.000000,
        "500" : 0.000000,
        "750" : 0.010000,
        "1000" : 0.024439
      },
      "latency_ms" : {
        "2" : 0.049751,
        "4" : 0.085537,
        "10" : 99.831544,
        "20" : 0.010000,
        "50" : 0.000000,
        "100" : 0.000000,
        "250" : 0.000000,
        "500" : 0.000000,
        "750" : 0.000000,
        "1000" : 0.000000,
        "2000" : 0.000000,
        ">=2000" : 0.000000
      },
      "latency_depth" : 1,
      "latency_target" : 0,
      "latency_percentile" : 100.000000,
      "latency_window" : 0
    }
  ],
  "disk_util" : [
    {
      "name" : "sda",
      "read_ios" : 60528,
      "write_ios" : 0,
      "read_merges" : 53200,
      "write_merges" : 0,
      "read_ticks" : 335154,
      "write_ticks" : 0,
      "in_queue" : 335155,
      "util" : 98.924838
    }
  ]
}
