{
  "fio version" : "fio-3.26",
  "timestamp" : 1623498639,
  "timestamp_ms" : 1623498639784,
  "time" : "Sat Jun 12 20:50:39 2021",
  "global options" : {
    "filename" : "./fio_data.bin",
    "direct" : "1",
    "rw" : "write",
    "bs" : "8k",
    "size" : "2G",
    "numjobs" : "64",
    "runtime" : "10"
  },
  "jobs" : [
    {
      "jobname" : "virtualbox-write-8k",
      "groupid" : 0,
      "error" : 0,
      "eta" : 0,
      "elapsed" : 11,
      "job options" : {
        "name" : "virtualbox-write-8k"
      },
      "read" : {
        "io_bytes" : 0,
        "io_kbytes" : 0,
        "bw_bytes" : 0,
        "bw" : 0,
        "iops" : 0.000000,
        "runtime" : 0,
        "total_ios" : 0,
        "short_ios" : 0,
        "drop_ios" : 0,
        "slat_ns" : {
          "min" : 0,
          "max" : 0,
          "mean" : 0.000000,
          "stddev" : 0.000000,
          "N" : 0
        },
        "clat_ns" : {
          "min" : 0,
          "max" : 0,
          "mean" : 0.000000,
          "stddev" : 0.000000,
          "N" : 0
        },
        "lat_ns" : {
          "min" : 0,
          "max" : 0,
          "mean" : 0.000000,
          "stddev" : 0.000000,
          "N" : 0
        },
        "bw_min" : 0,
        "bw_max" : 0,
        "bw_agg" : 0.000000,
        "bw_mean" : 0.000000,
        "bw_dev" : 0.000000,
        "bw_samples" : 0,
        "iops_min" : 0,
        "iops_max" : 0,
        "iops_mean" : 0.000000,
        "iops_stddev" : 0.000000,
        "iops_samples" : 0
      },
      "write" : {
        "io_bytes" : 5109407744,
        "io_kbytes" : 4989656,
        "bw_bytes" : 509819172,
        "bw" : 497870,
        "iops" : 62233.785672,
        "runtime" : 10022,
        "total_ios" : 623707,
        "short_ios" : 0,
        "drop_ios" : 0,
        "slat_ns" : {
          "min" : 0,
          "max" : 0,
          "mean" : 0.000000,
          "stddev" : 0.000000,
          "N" : 0
        },
        "clat_ns" : {
          "min" : 26444,
          "max" : 108650862,
          "mean" : 1023200.668229,
          "stddev" : 3512673.049550,
          "N" : 623707,
          "percentile" : {
            "1.000000" : 53504,
            "5.000000" : 69120,
            "10.000000" : 79360,
            "20.000000" : 88576,
            "30.000000" : 104960,
            "40.000000" : 154624,
            "50.000000" : 211968,
            "60.000000" : 276480,
            "70.000000" : 415744,
            "80.000000" : 684032,
            "90.000000" : 1564672,
            "95.000000" : 4227072,
            "99.000000" : 19005440,
            "99.500000" : 26083328,
            "99.900000" : 40632320,
            "99.950000" : 46923776,
            "99.990000" : 61079552
          }
        },
        "lat_ns" : {
          "min" : 26548,
          "max" : 108651006,
          "mean" : 1023695.694373,
          "stddev" : 3513894.033546,
          "N" : 623707
        },
        "bw_min" : 249583,
        "bw_max" : 726947,
        "bw_agg" : 99.713121,
        "bw_mean" : 496442.510526,
        "bw_dev" : 1893.384213,
        "bw_samples" : 1222,
        "iops_min" : 31189,
        "iops_max" : 90859,
        "iops_mean" : 62047.531579,
        "iops_stddev" : 236.658246,
        "iops_samples" : 1222
      },
      "trim" : {
        "io_bytes" : 0,
        "io_kbytes" : 0,
        "bw_bytes" : 0,
        "bw" : 0,
        "iops" : 0.000000,
        "runtime" : 0,
        "total_ios" : 0,
        "short_ios" : 0,
        "drop_ios" : 0,
        "slat_ns" : {
          "min" : 0,
          "max" : 0,
          "mean" : 0.000000,
          "stddev" : 0.000000,
          "N" : 0
        },
        "clat_ns" : {
          "min" : 0,
          "max" : 0,
          "mean" : 0.000000,
          "stddev" : 0.000000,
          "N" : 0
        },
        "lat_ns" : {
          "min" : 0,
          "max" : 0,
          "mean" : 0.000000,
          "stddev" : 0.000000,
          "N" : 0
        },
        "bw_min" : 0,
        "bw_max" : 0,
        "bw_agg" : 0.000000,
        "bw_mean" : 0.000000,
        "bw_dev" : 0.000000,
        "bw_samples" : 0,
        "iops_min" : 0,
        "iops_max" : 0,
        "iops_mean" : 0.000000,
        "iops_stddev" : 0.000000,
        "iops_samples" : 0
      },
      "sync" : {
        "total_ios" : 0,
        "lat_ns" : {
          "min" : 0,
          "max" : 0,
          "mean" : 0.000000,
          "stddev" : 0.000000,
          "N" : 0
        }
      },
      "job_runtime" : 640275,
      "usr_cpu" : 0.138222,
      "sys_cpu" : 3.754637,
      "ctx" : 655014,
      "majf" : 0,
      "minf" : 946,
      "iodepth_level" : {
        "1" : 100.000000,
        "2" : 0.000000,
        "4" : 0.000000,
        "8" : 0.000000,
        "16" : 0.000000,
        "32" : 0.000000,
        ">=64" : 0.000000
      },
      "iodepth_submit" : {
        "0" : 0.000000,
        "4" : 100.000000,
        "8" : 0.000000,
        "16" : 0.000000,
        "32" : 0.000000,
        "64" : 0.000000,
        ">=64" : 0.000000
      },
      "iodepth_complete" : {
        "0" : 0.000000,
        "4" : 100.000000,
        "8" : 0.000000,
        "16" : 0.000000,
        "32" : 0.000000,
        "64" : 0.000000,
        ">=64" : 0.000000
      },
      "latency_ns" : {
        "2" : 0.000000,
        "4" : 0.000000,
        "10" : 0.000000,
        "20" : 0.000000,
        "50" : 0.000000,
        "100" : 0.000000,
        "250" : 0.000000,
        "500" : 0.000000,
        "750" : 0.000000,
        "1000" : 0.000000
      },
      "latency_us" : {
        "2" : 0.000000,
        "4" : 0.000000,
        "10" : 0.000000,
        "20" : 0.000000,
        "50" : 0.607497,
        "100" : 27.601903,
        "250" : 27.801676,
        "500" : 17.598327,
        "750" : 8.388234,
        "1000" : 4.653307
      },
      "latency_ms" : {
        "2" : 5.324455,
        "4" : 2.872984,
        "10" : 2.823762,
        "20" : 1.412522,
        "50" : 0.882786,
        "100" : 0.032227,
        "250" : 0.010000,
        "500" : 0.000000,
        "750" : 0.000000,
        "1000" : 0.000000,
        "2000" : 0.000000,
        ">=2000" : 0.000000
      },
      "latency_depth" : 1,
      "latency_target" : 0,
      "latency_percentile" : 100.000000,
      "latency_window" : 0
    }
  ],
  "disk_util" : [
    {
      "name" : "sda",
      "read_ios" : 0,
      "write_ios" : 609128,
      "read_merges" : 0,
      "write_merges" : 519,
      "read_ticks" : 0,
      "write_ticks" : 140866,
      "in_queue" : 140866,
      "util" : 98.668669
    }
  ]
}
