{
  "fio version" : "fio-3.26",
  "timestamp" : 1623498701,
  "timestamp_ms" : 1623498701948,
  "time" : "Sat Jun 12 20:51:41 2021",
  "global options" : {
    "filename" : "./fio_data.bin",
    "direct" : "1",
    "rw" : "write",
    "bs" : "512k",
    "size" : "2G",
    "numjobs" : "64",
    "runtime" : "10"
  },
  "jobs" : [
    {
      "jobname" : "virtualbox-write-512k",
      "groupid" : 0,
      "error" : 0,
      "eta" : 0,
      "elapsed" : 11,
      "job options" : {
        "name" : "virtualbox-write-512k"
      },
      "read" : {
        "io_bytes" : 0,
        "io_kbytes" : 0,
        "bw_bytes" : 0,
        "bw" : 0,
        "iops" : 0.000000,
        "runtime" : 0,
        "total_ios" : 0,
        "short_ios" : 0,
        "drop_ios" : 0,
        "slat_ns" : {
          "min" : 0,
          "max" : 0,
          "mean" : 0.000000,
          "stddev" : 0.000000,
          "N" : 0
        },
        "clat_ns" : {
          "min" : 0,
          "max" : 0,
          "mean" : 0.000000,
          "stddev" : 0.000000,
          "N" : 0
        },
        "lat_ns" : {
          "min" : 0,
          "max" : 0,
          "mean" : 0.000000,
          "stddev" : 0.000000,
          "N" : 0
        },
        "bw_min" : 0,
        "bw_max" : 0,
        "bw_agg" : 0.000000,
        "bw_mean" : 0.000000,
        "bw_dev" : 0.000000,
        "bw_samples" : 0,
        "iops_min" : 0,
        "iops_max" : 0,
        "iops_mean" : 0.000000,
        "iops_stddev" : 0.000000,
        "iops_samples" : 0
      },
      "write" : {
        "io_bytes" : 15354822656,
        "io_kbytes" : 14994944,
        "bw_bytes" : 1531958760,
        "bw" : 1496053,
        "iops" : 2921.979447,
        "runtime" : 10023,
        "total_ios" : 29287,
        "short_ios" : 0,
        "drop_ios" : 0,
        "slat_ns" : {
          "min" : 0,
          "max" : 0,
          "mean" : 0.000000,
          "stddev" : 0.000000,
          "N" : 0
        },
        "clat_ns" : {
          "min" : 552258,
          "max" : 52902706,
          "mean" : 21840764.307406,
          "stddev" : 5546622.398436,
          "N" : 29287,
          "percentile" : {
            "1.000000" : 10158080,
            "5.000000" : 13959168,
            "10.000000" : 15663104,
            "20.000000" : 17432576,
            "30.000000" : 19005440,
            "40.000000" : 20054016,
            "50.000000" : 21364736,
            "60.000000" : 22675456,
            "70.000000" : 23986176,
            "80.000000" : 25821184,
            "90.000000" : 28704768,
            "95.000000" : 31850496,
            "99.000000" : 38535168,
            "99.500000" : 40632320,
            "99.900000" : 46923776,
            "99.950000" : 47972352,
            "99.990000" : 52690944
          }
        },
        "lat_ns" : {
          "min" : 569611,
          "max" : 52919197,
          "mean" : 21865170.297743,
          "stddev" : 5547959.772960,
          "N" : 29287
        },
        "bw_min" : 1247230,
        "bw_max" : 2002993,
        "bw_agg" : 100.000000,
        "bw_mean" : 1502131.860526,
        "bw_dev" : 2980.010125,
        "bw_samples" : 1220,
        "iops_min" : 2424,
        "iops_max" : 3902,
        "iops_mean" : 2917.171053,
        "iops_stddev" : 5.772761,
        "iops_samples" : 1220
      },
      "trim" : {
        "io_bytes" : 0,
        "io_kbytes" : 0,
        "bw_bytes" : 0,
        "bw" : 0,
        "iops" : 0.000000,
        "runtime" : 0,
        "total_ios" : 0,
        "short_ios" : 0,
        "drop_ios" : 0,
        "slat_ns" : {
          "min" : 0,
          "max" : 0,
          "mean" : 0.000000,
          "stddev" : 0.000000,
          "N" : 0
        },
        "clat_ns" : {
          "min" : 0,
          "max" : 0,
          "mean" : 0.000000,
          "stddev" : 0.000000,
          "N" : 0
        },
        "lat_ns" : {
          "min" : 0,
          "max" : 0,
          "mean" : 0.000000,
          "stddev" : 0.000000,
          "N" : 0
        },
        "bw_min" : 0,
        "bw_max" : 0,
        "bw_agg" : 0.000000,
        "bw_mean" : 0.000000,
        "bw_dev" : 0.000000,
        "bw_samples" : 0,
        "iops_min" : 0,
        "iops_max" : 0,
        "iops_mean" : 0.000000,
        "iops_stddev" : 0.000000,
        "iops_samples" : 0
      },
      "sync" : {
        "total_ios" : 0,
        "lat_ns" : {
          "min" : 0,
          "max" : 0,
          "mean" : 0.000000,
          "stddev" : 0.000000,
          "N" : 0
        }
      },
      "job_runtime" : 640421,
      "usr_cpu" : 0.114924,
      "sys_cpu" : 0.232659,
      "ctx" : 30168,
      "majf" : 0,
      "minf" : 871,
      "iodepth_level" : {
        "1" : 100.000000,
        "2" : 0.000000,
        "4" : 0.000000,
        "8" : 0.000000,
        "16" : 0.000000,
        "32" : 0.000000,
        ">=64" : 0.000000
      },
      "iodepth_submit" : {
        "0" : 0.000000,
        "4" : 100.000000,
        "8" : 0.000000,
        "16" : 0.000000,
        "32" : 0.000000,
        "64" : 0.000000,
        ">=64" : 0.000000
      },
      "iodepth_complete" : {
        "0" : 0.000000,
        "4" : 100.000000,
        "8" : 0.000000,
        "16" : 0.000000,
        "32" : 0.000000,
        "64" : 0.000000,
        ">=64" : 0.000000
      },
      "latency_ns" : {
        "2" : 0.000000,
        "4" : 0.000000,
        "10" : 0.000000,
        "20" : 0.000000,
        "50" : 0.000000,
        "100" : 0.000000,
        "250" : 0.000000,
        "500" : 0.000000,
        "750" : 0.000000,
        "1000" : 0.000000
      },
      "latency_us" : {
        "2" : 0.000000,
        "4" : 0.000000,
        "10" : 0.000000,
        "20" : 0.000000,
        "50" : 0.000000,
        "100" : 0.000000,
        "250" : 0.000000,
        "500" : 0.000000,
        "750" : 0.010000,
        "1000" : 0.010243
      },
      "latency_ms" : {
        "2" : 0.027316,
        "4" : 0.119507,
        "10" : 0.744358,
        "20" : 37.883703,
        "50" : 61.180729,
        "100" : 0.027316,
        "250" : 0.000000,
        "500" : 0.000000,
        "750" : 0.000000,
        "1000" : 0.000000,
        "2000" : 0.000000,
        ">=2000" : 0.000000
      },
      "latency_depth" : 1,
      "latency_target" : 0,
      "latency_percentile" : 100.000000,
      "latency_window" : 0
    }
  ],
  "disk_util" : [
    {
      "name" : "sda",
      "read_ios" : 0,
      "write_ios" : 17304,
      "read_merges" : 0,
      "write_merges" : 11457,
      "read_ticks" : 0,
      "write_ticks" : 373366,
      "in_queue" : 373366,
      "util" : 98.936704
    }
  ]
}
