{
  "fio version" : "fio-3.26",
  "timestamp" : 1623498660,
  "timestamp_ms" : 1623498660525,
  "time" : "Sat Jun 12 20:51:00 2021",
  "global options" : {
    "filename" : "./fio_data.bin",
    "direct" : "1",
    "rw" : "write",
    "bs" : "32k",
    "size" : "2G",
    "numjobs" : "64",
    "runtime" : "10"
  },
  "jobs" : [
    {
      "jobname" : "virtualbox-write-32k",
      "groupid" : 0,
      "error" : 0,
      "eta" : 0,
      "elapsed" : 11,
      "job options" : {
        "name" : "virtualbox-write-32k"
      },
      "read" : {
        "io_bytes" : 0,
        "io_kbytes" : 0,
        "bw_bytes" : 0,
        "bw" : 0,
        "iops" : 0.000000,
        "runtime" : 0,
        "total_ios" : 0,
        "short_ios" : 0,
        "drop_ios" : 0,
        "slat_ns" : {
          "min" : 0,
          "max" : 0,
          "mean" : 0.000000,
          "stddev" : 0.000000,
          "N" : 0
        },
        "clat_ns" : {
          "min" : 0,
          "max" : 0,
          "mean" : 0.000000,
          "stddev" : 0.000000,
          "N" : 0
        },
        "lat_ns" : {
          "min" : 0,
          "max" : 0,
          "mean" : 0.000000,
          "stddev" : 0.000000,
          "N" : 0
        },
        "bw_min" : 0,
        "bw_max" : 0,
        "bw_agg" : 0.000000,
        "bw_mean" : 0.000000,
        "bw_dev" : 0.000000,
        "bw_samples" : 0,
        "iops_min" : 0,
        "iops_max" : 0,
        "iops_mean" : 0.000000,
        "iops_stddev" : 0.000000,
        "iops_samples" : 0
      },
      "write" : {
        "io_bytes" : 14930280448,
        "io_kbytes" : 14580352,
        "bw_bytes" : 1490494204,
        "bw" : 1455560,
        "iops" : 45486.273335,
        "runtime" : 10017,
        "total_ios" : 455636,
        "short_ios" : 0,
        "drop_ios" : 0,
        "slat_ns" : {
          "min" : 0,
          "max" : 0,
          "mean" : 0.000000,
          "stddev" : 0.000000,
          "N" : 0
        },
        "clat_ns" : {
          "min" : 35820,
          "max" : 90842731,
          "mean" : 1400281.298359,
          "stddev" : 2431157.257350,
          "N" : 455636,
          "percentile" : {
            "1.000000" : 75264,
            "5.000000" : 94720,
            "10.000000" : 103936,
            "20.000000" : 142336,
            "30.000000" : 240640,
            "40.000000" : 419840,
            "50.000000" : 634880,
            "60.000000" : 880640,
            "70.000000" : 1269760,
            "80.000000" : 2088960,
            "90.000000" : 3620864,
            "95.000000" : 4947968,
            "99.000000" : 10682368,
            "99.500000" : 14876672,
            "99.900000" : 26083328,
            "99.950000" : 32636928,
            "99.990000" : 60555264
          }
        },
        "lat_ns" : {
          "min" : 36193,
          "max" : 90843017,
          "mean" : 1402023.187955,
          "stddev" : 2433025.786621,
          "N" : 455636
        },
        "bw_min" : 878107,
        "bw_max" : 2150540,
        "bw_agg" : 99.646408,
        "bw_mean" : 1450414.218421,
        "bw_dev" : 5236.566415,
        "bw_samples" : 1218,
        "iops_min" : 27433,
        "iops_max" : 67198,
        "iops_mean" : 45315.076316,
        "iops_stddev" : 163.659443,
        "iops_samples" : 1218
      },
      "trim" : {
        "io_bytes" : 0,
        "io_kbytes" : 0,
        "bw_bytes" : 0,
        "bw" : 0,
        "iops" : 0.000000,
        "runtime" : 0,
        "total_ios" : 0,
        "short_ios" : 0,
        "drop_ios" : 0,
        "slat_ns" : {
          "min" : 0,
          "max" : 0,
          "mean" : 0.000000,
          "stddev" : 0.000000,
          "N" : 0
        },
        "clat_ns" : {
          "min" : 0,
          "max" : 0,
          "mean" : 0.000000,
          "stddev" : 0.000000,
          "N" : 0
        },
        "lat_ns" : {
          "min" : 0,
          "max" : 0,
          "mean" : 0.000000,
          "stddev" : 0.000000,
          "N" : 0
        },
        "bw_min" : 0,
        "bw_max" : 0,
        "bw_agg" : 0.000000,
        "bw_mean" : 0.000000,
        "bw_dev" : 0.000000,
        "bw_samples" : 0,
        "iops_min" : 0,
        "iops_max" : 0,
        "iops_mean" : 0.000000,
        "iops_stddev" : 0.000000,
        "iops_samples" : 0
      },
      "sync" : {
        "total_ios" : 0,
        "lat_ns" : {
          "min" : 0,
          "max" : 0,
          "mean" : 0.000000,
          "stddev" : 0.000000,
          "N" : 0
        }
      },
      "job_runtime" : 640106,
      "usr_cpu" : 0.183876,
      "sys_cpu" : 2.793912,
      "ctx" : 486851,
      "majf" : 0,
      "minf" : 992,
      "iodepth_level" : {
        "1" : 100.000000,
        "2" : 0.000000,
        "4" : 0.000000,
        "8" : 0.000000,
        "16" : 0.000000,
        "32" : 0.000000,
        ">=64" : 0.000000
      },
      "iodepth_submit" : {
        "0" : 0.000000,
        "4" : 100.000000,
        "8" : 0.000000,
        "16" : 0.000000,
        "32" : 0.000000,
        "64" : 0.000000,
        ">=64" : 0.000000
      },
      "iodepth_complete" : {
        "0" : 0.000000,
        "4" : 100.000000,
        "8" : 0.000000,
        "16" : 0.000000,
        "32" : 0.000000,
        "64" : 0.000000,
        ">=64" : 0.000000
      },
      "latency_ns" : {
        "2" : 0.000000,
        "4" : 0.000000,
        "10" : 0.000000,
        "20" : 0.000000,
        "50" : 0.000000,
        "100" : 0.000000,
        "250" : 0.000000,
        "500" : 0.000000,
        "750" : 0.000000,
        "1000" : 0.000000
      },
      "latency_us" : {
        "2" : 0.000000,
        "4" : 0.000000,
        "10" : 0.000000,
        "20" : 0.000000,
        "50" : 0.032921,
        "100" : 7.745657,
        "250" : 22.832261,
        "500" : 13.255318,
        "750" : 11.138497,
        "1000" : 8.803080
      },
      "latency_ms" : {
        "2" : 15.372139,
        "4" : 12.556514,
        "10" : 7.139910,
        "20" : 0.901597,
        "50" : 0.208719,
        "100" : 0.013388,
        "250" : 0.000000,
        "500" : 0.000000,
        "750" : 0.000000,
        "1000" : 0.000000,
        "2000" : 0.000000,
        ">=2000" : 0.000000
      },
      "latency_depth" : 1,
      "latency_target" : 0,
      "latency_percentile" : 100.000000,
      "latency_window" : 0
    }
  ],
  "disk_util" : [
    {
      "name" : "sda",
      "read_ios" : 0,
      "write_ios" : 440808,
      "read_merges" : 0,
      "write_merges" : 6839,
      "read_ticks" : 0,
      "write_ticks" : 352168,
      "in_queue" : 352206,
      "util" : 99.028056
    }
  ]
}
