{
  "fio version" : "fio-3.26",
  "timestamp" : 1623498629,
  "timestamp_ms" : 1623498629359,
  "time" : "Sat Jun 12 20:50:29 2021",
  "global options" : {
    "filename" : "./fio_data.bin",
    "direct" : "1",
    "rw" : "write",
    "bs" : "4k",
    "size" : "2G",
    "numjobs" : "64",
    "runtime" : "10"
  },
  "jobs" : [
    {
      "jobname" : "virtualbox-write-4k",
      "groupid" : 0,
      "error" : 0,
      "eta" : 0,
      "elapsed" : 11,
      "job options" : {
        "name" : "virtualbox-write-4k"
      },
      "read" : {
        "io_bytes" : 0,
        "io_kbytes" : 0,
        "bw_bytes" : 0,
        "bw" : 0,
        "iops" : 0.000000,
        "runtime" : 0,
        "total_ios" : 0,
        "short_ios" : 0,
        "drop_ios" : 0,
        "slat_ns" : {
          "min" : 0,
          "max" : 0,
          "mean" : 0.000000,
          "stddev" : 0.000000,
          "N" : 0
        },
        "clat_ns" : {
          "min" : 0,
          "max" : 0,
          "mean" : 0.000000,
          "stddev" : 0.000000,
          "N" : 0
        },
        "lat_ns" : {
          "min" : 0,
          "max" : 0,
          "mean" : 0.000000,
          "stddev" : 0.000000,
          "N" : 0
        },
        "bw_min" : 0,
        "bw_max" : 0,
        "bw_agg" : 0.000000,
        "bw_mean" : 0.000000,
        "bw_dev" : 0.000000,
        "bw_samples" : 0,
        "iops_min" : 0,
        "iops_max" : 0,
        "iops_mean" : 0.000000,
        "iops_stddev" : 0.000000,
        "iops_samples" : 0
      },
      "write" : {
        "io_bytes" : 2350280704,
        "io_kbytes" : 2295196,
        "bw_bytes" : 234910615,
        "bw" : 229404,
        "iops" : 57351.224388,
        "runtime" : 10005,
        "total_ios" : 573799,
        "short_ios" : 0,
        "drop_ios" : 0,
        "slat_ns" : {
          "min" : 0,
          "max" : 0,
          "mean" : 0.000000,
          "stddev" : 0.000000,
          "N" : 0
        },
        "clat_ns" : {
          "min" : 26247,
          "max" : 243136283,
          "mean" : 1113137.455973,
          "stddev" : 3512047.758953,
          "N" : 573799,
          "percentile" : {
            "1.000000" : 55040,
            "5.000000" : 75264,
            "10.000000" : 84480,
            "20.000000" : 125440,
            "30.000000" : 195584,
            "40.000000" : 321536,
            "50.000000" : 481280,
            "60.000000" : 610304,
            "70.000000" : 724992,
            "80.000000" : 864256,
            "90.000000" : 1531904,
            "95.000000" : 3588096,
            "99.000000" : 14614528,
            "99.500000" : 19791872,
            "99.900000" : 39583744,
            "99.950000" : 56885248,
            "99.990000" : 94896128
          }
        },
        "lat_ns" : {
          "min" : 26333,
          "max" : 243136396,
          "mean" : 1113498.836091,
          "stddev" : 3512327.147214,
          "N" : 573799
        },
        "bw_min" : 74400,
        "bw_max" : 374752,
        "bw_agg" : 100.000000,
        "bw_mean" : 229445.736842,
        "bw_dev" : 1181.337678,
        "bw_samples" : 1216,
        "iops_min" : 18585,
        "iops_max" : 93678,
        "iops_mean" : 57351.105263,
        "iops_stddev" : 295.339311,
        "iops_samples" : 1216
      },
      "trim" : {
        "io_bytes" : 0,
        "io_kbytes" : 0,
        "bw_bytes" : 0,
        "bw" : 0,
        "iops" : 0.000000,
        "runtime" : 0,
        "total_ios" : 0,
        "short_ios" : 0,
        "drop_ios" : 0,
        "slat_ns" : {
          "min" : 0,
          "max" : 0,
          "mean" : 0.000000,
          "stddev" : 0.000000,
          "N" : 0
        },
        "clat_ns" : {
          "min" : 0,
          "max" : 0,
          "mean" : 0.000000,
          "stddev" : 0.000000,
          "N" : 0
        },
        "lat_ns" : {
          "min" : 0,
          "max" : 0,
          "mean" : 0.000000,
          "stddev" : 0.000000,
          "N" : 0
        },
        "bw_min" : 0,
        "bw_max" : 0,
        "bw_agg" : 0.000000,
        "bw_mean" : 0.000000,
        "bw_dev" : 0.000000,
        "bw_samples" : 0,
        "iops_min" : 0,
        "iops_max" : 0,
        "iops_mean" : 0.000000,
        "iops_stddev" : 0.000000,
        "iops_samples" : 0
      },
      "sync" : {
        "total_ios" : 0,
        "lat_ns" : {
          "min" : 0,
          "max" : 0,
          "mean" : 0.000000,
          "stddev" : 0.000000,
          "N" : 0
        }
      },
      "job_runtime" : 640033,
      "usr_cpu" : 0.122494,
      "sys_cpu" : 3.471540,
      "ctx" : 592722,
      "majf" : 0,
      "minf" : 955,
      "iodepth_level" : {
        "1" : 100.000000,
        "2" : 0.000000,
        "4" : 0.000000,
        "8" : 0.000000,
        "16" : 0.000000,
        "32" : 0.000000,
        ">=64" : 0.000000
      },
      "iodepth_submit" : {
        "0" : 0.000000,
        "4" : 100.000000,
        "8" : 0.000000,
        "16" : 0.000000,
        "32" : 0.000000,
        "64" : 0.000000,
        ">=64" : 0.000000
      },
      "iodepth_complete" : {
        "0" : 0.000000,
        "4" : 100.000000,
        "8" : 0.000000,
        "16" : 0.000000,
        "32" : 0.000000,
        "64" : 0.000000,
        ">=64" : 0.000000
      },
      "latency_ns" : {
        "2" : 0.000000,
        "4" : 0.000000,
        "10" : 0.000000,
        "20" : 0.000000,
        "50" : 0.000000,
        "100" : 0.000000,
        "250" : 0.000000,
        "500" : 0.000000,
        "750" : 0.000000,
        "1000" : 0.000000
      },
      "latency_us" : {
        "2" : 0.000000,
        "4" : 0.000000,
        "10" : 0.000000,
        "20" : 0.000000,
        "50" : 0.509063,
        "100" : 15.803443,
        "250" : 18.922131,
        "500" : 16.169077,
        "750" : 21.017813,
        "1000" : 12.286707
      },
      "latency_ms" : {
        "2" : 6.964460,
        "4" : 3.997044,
        "10" : 1.800456,
        "20" : 2.045490,
        "50" : 0.421925,
        "100" : 0.054200,
        "250" : 0.010000,
        "500" : 0.000000,
        "750" : 0.000000,
        "1000" : 0.000000,
        "2000" : 0.000000,
        ">=2000" : 0.000000
      },
      "latency_depth" : 1,
      "latency_target" : 0,
      "latency_percentile" : 100.000000,
      "latency_window" : 0
    }
  ],
  "disk_util" : [
    {
      "name" : "sda",
      "read_ios" : 0,
      "write_ios" : 571575,
      "read_merges" : 0,
      "write_merges" : 678,
      "read_ticks" : 0,
      "write_ticks" : 193709,
      "in_queue" : 193777,
      "util" : 98.393176
    }
  ]
}
