{
  "fio version" : "fio-3.26",
  "timestamp" : 1623498547,
  "timestamp_ms" : 1623498547240,
  "time" : "Sat Jun 12 20:49:07 2021",
  "global options" : {
    "filename" : "./fio_data.bin",
    "direct" : "1",
    "rw" : "read",
    "bs" : "8k",
    "size" : "2G",
    "numjobs" : "64",
    "runtime" : "10"
  },
  "jobs" : [
    {
      "jobname" : "virtualbox-read-8k",
      "groupid" : 0,
      "error" : 0,
      "eta" : 0,
      "elapsed" : 11,
      "job options" : {
        "name" : "virtualbox-read-8k"
      },
      "read" : {
        "io_bytes" : 5372116992,
        "io_kbytes" : 5246208,
        "bw_bytes" : 537104278,
        "bw" : 524515,
        "iops" : 65564.487103,
        "runtime" : 10002,
        "total_ios" : 655776,
        "short_ios" : 0,
        "drop_ios" : 0,
        "slat_ns" : {
          "min" : 0,
          "max" : 0,
          "mean" : 0.000000,
          "stddev" : 0.000000,
          "N" : 0
        },
        "clat_ns" : {
          "min" : 63121,
          "max" : 127311517,
          "mean" : 973596.412799,
          "stddev" : 833881.359384,
          "N" : 655776,
          "percentile" : {
            "1.000000" : 242688,
            "5.000000" : 317440,
            "10.000000" : 403456,
            "20.000000" : 593920,
            "30.000000" : 724992,
            "40.000000" : 823296,
            "50.000000" : 913408,
            "60.000000" : 995328,
            "70.000000" : 1089536,
            "80.000000" : 1220608,
            "90.000000" : 1449984,
            "95.000000" : 1712128,
            "99.000000" : 2899968,
            "99.500000" : 3981312,
            "99.900000" : 7962624,
            "99.950000" : 10813440,
            "99.990000" : 33161216
          }
        },
        "lat_ns" : {
          "min" : 63208,
          "max" : 127311559,
          "mean" : 973810.435124,
          "stddev" : 834056.160527,
          "N" : 655776
        },
        "bw_min" : 387596,
        "bw_max" : 707310,
        "bw_agg" : 100.000000,
        "bw_mean" : 524796.947368,
        "bw_dev" : 1220.791871,
        "bw_samples" : 1216,
        "iops_min" : 48442,
        "iops_max" : 88405,
        "iops_mean" : 65588.052632,
        "iops_stddev" : 152.584232,
        "iops_samples" : 1216
      },
      "write" : {
        "io_bytes" : 0,
        "io_kbytes" : 0,
        "bw_bytes" : 0,
        "bw" : 0,
        "iops" : 0.000000,
        "runtime" : 0,
        "total_ios" : 0,
        "short_ios" : 0,
        "drop_ios" : 0,
        "slat_ns" : {
          "min" : 0,
          "max" : 0,
          "mean" : 0.000000,
          "stddev" : 0.000000,
          "N" : 0
        },
        "clat_ns" : {
          "min" : 0,
          "max" : 0,
          "mean" : 0.000000,
          "stddev" : 0.000000,
          "N" : 0
        },
        "lat_ns" : {
          "min" : 0,
          "max" : 0,
          "mean" : 0.000000,
          "stddev" : 0.000000,
          "N" : 0
        },
        "bw_min" : 0,
        "bw_max" : 0,
        "bw_agg" : 0.000000,
        "bw_mean" : 0.000000,
        "bw_dev" : 0.000000,
        "bw_samples" : 0,
        "iops_min" : 0,
        "iops_max" : 0,
        "iops_mean" : 0.000000,
        "iops_stddev" : 0.000000,
        "iops_samples" : 0
      },
      "trim" : {
        "io_bytes" : 0,
        "io_kbytes" : 0,
        "bw_bytes" : 0,
        "bw" : 0,
        "iops" : 0.000000,
        "runtime" : 0,
        "total_ios" : 0,
        "short_ios" : 0,
        "drop_ios" : 0,
        "slat_ns" : {
          "min" : 0,
          "max" : 0,
          "mean" : 0.000000,
          "stddev" : 0.000000,
          "N" : 0
        },
        "clat_ns" : {
          "min" : 0,
          "max" : 0,
          "mean" : 0.000000,
          "stddev" : 0.000000,
          "N" : 0
        },
        "lat_ns" : {
          "min" : 0,
          "max" : 0,
          "mean" : 0.000000,
          "stddev" : 0.000000,
          "N" : 0
        },
        "bw_min" : 0,
        "bw_max" : 0,
        "bw_agg" : 0.000000,
        "bw_mean" : 0.000000,
        "bw_dev" : 0.000000,
        "bw_samples" : 0,
        "iops_min" : 0,
        "iops_max" : 0,
        "iops_mean" : 0.000000,
        "iops_stddev" : 0.000000,
        "iops_samples" : 0
      },
      "sync" : {
        "total_ios" : 0,
        "lat_ns" : {
          "min" : 0,
          "max" : 0,
          "mean" : 0.000000,
          "stddev" : 0.000000,
          "N" : 0
        }
      },
      "job_runtime" : 640009,
      "usr_cpu" : 0.122186,
      "sys_cpu" : 4.229159,
      "ctx" : 664837,
      "majf" : 0,
      "minf" : 1093,
      "iodepth_level" : {
        "1" : 100.000000,
        "2" : 0.000000,
        "4" : 0.000000,
        "8" : 0.000000,
        "16" : 0.000000,
        "32" : 0.000000,
        ">=64" : 0.000000
      },
      "iodepth_submit" : {
        "0" : 0.000000,
        "4" : 100.000000,
        "8" : 0.000000,
        "16" : 0.000000,
        "32" : 0.000000,
        "64" : 0.000000,
        ">=64" : 0.000000
      },
      "iodepth_complete" : {
        "0" : 0.000000,
        "4" : 100.000000,
        "8" : 0.000000,
        "16" : 0.000000,
        "32" : 0.000000,
        "64" : 0.000000,
        ">=64" : 0.000000
      },
      "latency_ns" : {
        "2" : 0.000000,
        "4" : 0.000000,
        "10" : 0.000000,
        "20" : 0.000000,
        "50" : 0.000000,
        "100" : 0.000000,
        "250" : 0.000000,
        "500" : 0.000000,
        "750" : 0.000000,
        "1000" : 0.000000
      },
      "latency_us" : {
        "2" : 0.000000,
        "4" : 0.000000,
        "10" : 0.000000,
        "20" : 0.000000,
        "50" : 0.000000,
        "100" : 0.011589,
        "250" : 1.218709,
        "500" : 13.533432,
        "750" : 17.906267,
        "1000" : 27.506191
      },
      "latency_ms" : {
        "2" : 37.029108,
        "4" : 2.301396,
        "10" : 0.433075,
        "20" : 0.041020,
        "50" : 0.016317,
        "100" : 0.010000,
        "250" : 0.010000,
        "500" : 0.000000,
        "750" : 0.000000,
        "1000" : 0.000000,
        "2000" : 0.000000,
        ">=2000" : 0.000000
      },
      "latency_depth" : 1,
      "latency_target" : 0,
      "latency_percentile" : 100.000000,
      "latency_window" : 0
    }
  ],
  "disk_util" : [
    {
      "name" : "sda",
      "read_ios" : 653492,
      "write_ios" : 0,
      "read_merges" : 2030,
      "write_merges" : 0,
      "read_ticks" : 229738,
      "write_ticks" : 0,
      "in_queue" : 229737,
      "util" : 98.170491
    }
  ]
}
